
  EPA STORM WATER MANAGEMENT MODEL - VERSION 5.2 (Build 5.2.4)
  ------------------------------------------------------------

  WARNING 04: minimum elevation drop used for Conduit C187
  WARNING 05: minimum slope used for Conduit C187
  WARNING 04: minimum elevation drop used for Conduit C418-S
  WARNING 05: minimum slope used for Conduit C418-S
  WARNING 04: minimum elevation drop used for Conduit C549-S
  WARNING 05: minimum slope used for Conduit C549-S
  WARNING 10: crest elevation raised to downstream invert for regulator Link 12
  WARNING 10: crest elevation raised to downstream invert for regulator Link J509-IC
  WARNING 10: crest elevation raised to downstream invert for regulator Link J789-IC
  WARNING 02: maximum depth increased for Node J182
  WARNING 02: maximum depth increased for Node J541
  WARNING 02: maximum depth increased for Node J714
  WARNING 02: maximum depth increased for Node J732
  WARNING 02: maximum depth increased for Node J756
  
  *************
  Element Count
  *************
  Number of rain gages ...... 1
  Number of subcatchments ... 92
  Number of nodes ........... 315
  Number of links ........... 387
  Number of pollutants ...... 0
  Number of land uses ....... 0
  
  
  ****************
  Raingage Summary
  ****************
                                                      Data       Recording
  Name                 Data Source                    Type       Interval 
  ------------------------------------------------------------------------
  Gage1                6/27/2023                      CUMULATIVE   5 min.
  
  
  ********************
  Subcatchment Summary
  ********************
  Name                       Area     Width   %Imperv    %Slope Rain Gage            Outlet              
  -----------------------------------------------------------------------------------------------------------
  S1                        91.41   2532.81     33.30    6.2700 Gage1                J1-S                
  S10                       43.50   1719.16     69.11    5.3000 Gage1                J266-S              
  S11                      106.09   2358.92     83.63    4.3600 Gage1                J413-S              
  S12                      117.42   2473.75     83.71    4.8500 Gage1                J624-S              
  S13                      141.95   3727.03     70.69    5.8000 Gage1                J471-S              
  S14                       42.39    931.76     78.04    4.3000 Gage1                J632-S              
  S15                        9.01   1456.69     78.28    8.9900 Gage1                J329-S              
  S16                      119.58   2591.86     78.15    5.1300 Gage1                J361-S              
  S17                       45.50   2939.63     82.17    5.2600 Gage1                J338-S              
  S18                       52.08   2736.22     55.27    4.3600 Gage1                J460-S              
  S19                       82.54   2329.40     68.12    6.6000 Gage1                J433-S              
  S2                        99.82   3087.27     51.65    6.0700 Gage1                J268-S              
  S20                        2.80    406.82     82.59    1.9600 Gage1                J253-S              
  S21                        4.77    639.76     84.56    5.0900 Gage1                J253-S              
  S22                      128.00   3202.10     80.36    4.7600 Gage1                J659-S              
  S23                        1.74    406.82     87.83    3.0300 Gage1                J421-S              
  S24                       35.67   1309.06     88.29    3.2700 Gage1                J506-S              
  S25                       49.26   2765.75     87.15    3.0500 Gage1                J421-S              
  S26                       98.26   3989.50     88.42    3.8000 Gage1                J480-S              
  S27                      113.20   2185.04     84.48    3.8000 Gage1                J507-S              
  S28                       23.21   1309.06     85.59    3.7800 Gage1                J461-S              
  S29                        2.72    262.47     87.54    3.1100 Gage1                J456-S              
  S3                        37.26   1833.99     67.04    5.1400 Gage1                J273-S              
  S30                        1.61    291.99     88.95    3.0900 Gage1                J456-S              
  S31                       10.80    990.81     85.00    2.8600 Gage1                J456-S              
  S32                       68.78   2969.16     83.63    5.6700 Gage1                J619-S              
  S33                        0.96    262.47     78.90    2.7200 Gage1                J592-S              
  S34                       55.45   2155.51     80.76    3.2100 Gage1                J789-S              
  S35                       29.69   1427.17     65.47    4.5200 Gage1                J484-S              
  S36                       98.54   2270.34     87.31    4.6800 Gage1                J208-S              
  S37                       53.94   2998.69     73.87    4.5500 Gage1                J534-S              
  S38                       46.20   2706.69     86.93    4.5300 Gage1                J712-S              
  S39                       11.04    610.24     88.74    3.7600 Gage1                J484-S              
  S4                        12.07   1105.64     57.44    4.7000 Gage1                J260-S              
  S40                      129.10   1922.57     84.14    4.4700 Gage1                J756-S              
  S41                       28.53   1427.17     78.52    5.6500 Gage1                J49-S               
  S42                       34.13   1309.06     86.69    3.5100 Gage1                J492-S              
  S43                       66.90   1774.93     83.52    5.3500 Gage1                J714-S              
  S44                       60.68   1850.39     78.48    3.4100 Gage1                J587-S              
  S45                       59.33   3087.27     33.84    5.1200 Gage1                J509-S              
  S46                       12.60    495.41     85.63    4.0300 Gage1                J138-S              
  S47                       22.08   1630.58     82.72    2.7900 Gage1                J50-S               
  S48                       42.37   2125.98     87.75    4.6800 Gage1                J105-S              
  S49                        5.71    554.46     87.82    4.1700 Gage1                J748-S              
  S5                       103.39   4455.38     66.44    8.4500 Gage1                J571-S              
  S50                       44.66   2562.34     85.64    4.6700 Gage1                J141-S              
  S51                       31.76   1368.11     87.29    2.6600 Gage1                J749-S              
  S52                       35.64   1745.41     22.42    6.5500 Gage1                J509-S              
  S53                       31.26   1164.70     84.64    2.7000 Gage1                J204-S              
  S54                       28.34   1719.16     76.54    5.6000 Gage1                J733-S              
  S55                       59.38   2795.28     77.13    4.4100 Gage1                J675-S              
  S56                        1.18    226.00     21.59    1.4200 Gage1                J782-S              
  S57                        1.16    436.35     86.23    1.6700 Gage1                J131-S              
  S58                       44.56   1922.57     84.53    3.2500 Gage1                J60-S               
  S59                        0.82    206.69     79.25    4.5300 Gage1                J131-S              
  S6                        89.60   2358.92     80.53    5.0400 Gage1                J328-S              
  S60                       94.18   3300.52     83.73    4.0700 Gage1                J792-S              
  S62                       49.60   1833.99     82.03    3.6900 Gage1                J163-S              
  S63                      115.99   2706.69     84.71    4.3100 Gage1                J548-S              
  S64                       38.15   1512.47     86.74    2.3800 Gage1                J751-S              
  S65                       19.67   1279.53     87.12    1.7800 Gage1                J761-S              
  S67                       36.49   1955.38     67.71    8.5800 Gage1                J65                 
  S69                       17.71   1046.59     87.42    4.6200 Gage1                J171-S              
  S7                       174.60   4570.21     59.15    5.4400 Gage1                J787-S              
  S70                       13.11    639.76     87.28    4.8700 Gage1                J722-S              
  S71                        1.30    262.47     87.71    1.9500 Gage1                J732-S              
  S72                        5.25    843.18     85.48    2.0400 Gage1                J786                
  S73                        3.83    872.70     89.25    5.4600 Gage1                J798                
  S74                        2.82    639.76     84.09    3.2100 Gage1                Out126              
  S75                       35.19   1755.25     86.87    3.9900 Gage1                J762-S              
  S77                        0.17   1076.12     80.93    6.7600 Gage1                J694-S              
  S78                       28.51   2125.98     84.61    2.4400 Gage1                J775                
  S79                       14.97   1171.26     86.94    4.9900 Gage1                J2                  
  S8                       147.03   3435.04     83.57    5.1100 Gage1                J280-S              
  S80                       34.90   2755.91     86.64    3.3500 Gage1                J686-S              
  S81                       37.88   2201.44     81.80    4.3200 Gage1                J556-S              
  S83                       18.48   1571.52     75.10    7.5100 Gage1                J80-S               
  S84                       32.20   1922.57     83.27    3.8400 Gage1                J72-S               
  S85                       61.72   2096.46     85.25    5.6700 Gage1                J78-S               
  S86                       46.39   1833.99     87.70    4.2300 Gage1                J177-S              
  S87                        3.45    623.36     86.12    5.3000 Gage1                J2                  
  S88                       16.65   1368.11     86.22    4.7800 Gage1                J90                 
  S89                        0.48    629.92     83.81    1.9800 Gage1                J231-S              
  S9                         1.13    406.82     87.60    3.4100 Gage1                J801-S              
  S90                       65.65   2969.16     80.81    4.2700 Gage1                J42-S               
  S91                       66.03   1833.99     83.25    4.5100 Gage1                J234-S              
  S92                       25.45   1338.58     88.71    2.9200 Gage1                J541-S              
  S93                       36.63   1830.71     85.39    4.4900 Gage1                Out47               
  S94                       58.68   3303.81     84.81    5.0600 Gage1                J34-S               
  S95                       51.38   2562.34     71.97    3.2900 Gage1                J45-S               
  S96                       46.75   1833.99     86.24    2.8700 Gage1                J46-S               
  S97                       12.17    990.81     85.74    4.9400 Gage1                J238-S              


  *******************
  LID Control Summary
  *******************
                                   No. of        Unit        Unit      % Area    % Imperv      % Perv
  Subcatchment     LID Control      Units        Area       Width     Covered     Treated     Treated
  ---------------------------------------------------------------------------------------------------
  S12              GreenRoof            1    37303.27      306.18        0.73        0.73        0.00
  S12              GreenRoof            1     9809.92      296.76        0.19        0.19        0.00
  S12              BioRetention         1     1595.55       20.43        0.03        0.19        0.00
  S12              BioRetention         1     1247.46       18.94        0.02        0.11        0.00
  S12              BioRetention         1     1884.73       24.02        0.04        0.67        0.00
  S12              RainGarden           1      569.70       28.15        0.01        0.30        0.00
  S12              RainGarden           1      288.11       10.07        0.01        0.02        0.00
  S12              RainGarden           1      282.96       10.42        0.01        0.04        0.00
  S12              RainGarden           1      223.90        9.61        0.00        0.03        0.00
  S12              BioRetention         1      935.20       55.89        0.02        0.41        0.00
  S12              RainBarrel           1      532.14       16.25        0.01        0.13        0.00
  S13              InfilTrench          1     3206.94       33.58        0.05        0.05        0.00
  S13              InfilTrench          1    14790.86      161.08        0.24        9.19        0.00
  S13              InfilTrench          1     1066.14       32.04        0.02        0.02        0.00
  S14              BioRetention         1      440.22       38.19        0.02        0.02        0.00
  S14              BioRetention         1      669.42       38.47        0.04        0.04        0.00
  S14              BioRetention         1      727.61       41.50        0.04        0.04        0.00
  S14              InfilTrench          1     1902.09      100.46        0.10        0.10        0.00
  S14              GreenRoof            1     1263.40       70.49        0.07        0.07        0.00
  S14              GreenRoof            1     1572.63       50.19        0.09        0.09        0.00
  S16              GreenRoof            1     9868.32      172.35        0.19        0.19        0.00
  S16              GreenRoof            1     1616.20       73.46        0.03        0.03        0.00
  S16              GreenRoof            1      424.95       34.34        0.01        0.01        0.00
  S16              GreenRoof            1     2377.80       57.86        0.05        0.05        0.00
  S16              GreenRoof            1     2772.70       55.82        0.05        0.05        0.00
  S16              GreenRoof            1     3222.48      111.25        0.06        0.06        0.00
  S16              GreenRoof            1     2249.47      146.41        0.04        0.04        0.00
  S16              GreenRoof            1     3180.31       34.57        0.06        0.06        0.00
  S16              BioRetention         1      756.93       15.69        0.01        0.20        0.00
  S16              BioRetention         1     1314.51      129.89        0.03        0.34        0.00
  S17              BioRetention         1     5380.20      180.72        0.27        0.27        0.00
  S17              BioRetention         1      934.95       41.69        0.05        0.05        0.00
  S17              BioRetention         1       48.62       11.86        0.00        0.02        0.00
  S17              BioRetention         1       48.42       10.24        0.00        0.02        0.00
  S17              BioRetention         1       48.61       10.42        0.00        0.01        0.00
  S17              BioRetention         1       49.26       10.42        0.00        0.01        0.00
  S17              BioRetention         1       48.68       11.84        0.00        0.02        0.00
  S21              GreenRoof            1     2662.40       53.92        1.28        1.28        0.00
  S21              GreenRoof            1     5974.22       65.43        2.88       21.17        0.00
  S22              BioRetention         1      621.03       31.03        0.01        0.14        0.00
  S22              BioRetention         1      595.94       38.78        0.01        0.23        0.00
  S22              BioRetention         1      583.98       24.72        0.01        0.32        0.00
  S22              InfilTrench          1     1634.08       15.14        0.03        0.78        0.00
  S24              BioRetention         1      868.23       43.70        0.06        0.06        0.00
  S26              RainGarden           1      681.48       27.76        0.02        0.13        0.00
  S26              BioRetention         1      400.64       39.03        0.01        0.12        0.00
  S3               GreenRoof            1    12457.27      128.12        0.77        0.77        0.00
  S31              BioRetention         1      217.86       27.13        0.05        1.89        0.00
  S31              BioRetention         1      216.38       26.72        0.05        2.02        0.00
  S32              BioRetention         1      414.36       10.91        0.01        0.45        0.00
  S32              BioRetention         1      619.17       11.59        0.02        0.34        0.00
  S32              GreenRoof            1     4872.57       64.48        0.16        0.16        0.00
  S32              GreenRoof            1     7316.91       70.59        0.24        0.24        0.00
  S34              BioRetention         1       84.95        5.56        0.00        0.00        0.00
  S34              VegSwale             1      174.92       10.51        0.01        0.01        0.00
  S34              GreenRoof            1     4776.31      149.16        0.20        0.20        0.00
  S34              BioRetention         1      959.58       57.30        0.04        0.04        0.00
  S34              BioRetention         1     1026.89       57.82        0.04        0.04        0.00
  S36              BioRetention         1      260.38       41.24        0.01        0.01        0.00
  S36              BioRetention         1      268.73       41.04        0.01        0.01        0.00
  S36              BioRetention         1       95.63       18.18        0.00        0.00        0.00
  S36              BioRetention         1       96.21       18.46        0.00        0.00        0.00
  S36              BioRetention         1      271.93        8.81        0.01        0.01        0.00
  S36              BioRetention         1      363.05       20.13        0.01        0.01        0.00
  S36              BioRetention         1      147.57        4.70        0.00        0.00        0.00
  S36              GreenRoof            1     4028.36      127.17        0.09        0.09        0.00
  S36              GreenRoof            1    11964.00      259.79        0.28        0.28        0.00
  S36              BioRetention         1     1974.00       44.89        0.05        0.63        0.00
  S36              GreenRoof            1     4275.29       48.10        0.10        0.10        0.00
  S37              RainBarrel           1       18.29        2.98        0.00        0.00        0.00
  S37              VegSwale             1      456.40       50.56        0.02        0.02        0.00
  S37              RainGarden           1      168.38        7.90        0.01        0.01        0.00
  S37              GreenRoof            1      770.82       24.91        0.03        0.03        0.00
  S38              BioRetention         1      557.13       60.68        0.03        0.67        0.00
  S38              BioRetention         1      459.70       46.50        0.02        0.94        0.00
  S4               RainGarden           1      648.45       35.22        0.12        1.04        0.00
  S4               RoofDisconnect       1     2142.62       94.51        0.41        0.41        0.00
  S40              GreenRoof            1     3846.35       87.58        0.07        1.11        0.00
  S40              VegSwale             1      505.26       28.61        0.01        0.44        0.00
  S40              GreenRoof            1     2472.03       87.36        0.04        0.04        0.00
  S40              GreenRoof            1      933.27       43.56        0.02        0.02        0.00
  S40              InfilTrench          1     2405.51       78.25        0.04        1.75        0.00
  S43              RainGarden           1      190.44       13.12        0.01        0.01        0.00
  S45              RainGarden           1       91.30        5.90        0.00        0.00        0.00
  S45              RainBarrel           1       16.74        2.69        0.00        0.00        0.00
  S45              VegSwale             1       85.70        5.31        0.00        0.00        0.00
  S45              RoofDisconnect       1     3183.69      331.61        0.12        0.12        0.00
  S47              BioRetention         1      470.18       16.01        0.05        0.05        0.00
  S47              BioRetention         1      522.78       17.20        0.05        0.05        0.00
  S47              BioRetention         1     1000.74       23.46        0.10        0.10        0.00
  S47              BioRetention         1     1012.22       24.83        0.11        0.10        0.00
  S47              InfilTrench          1     5441.69       33.39        0.57        0.57        0.00
  S47              InfilTrench          1     4038.45       35.92        0.42        0.42        0.00
  S47              BioRetention         1      399.91       20.69        0.04        0.04        0.00
  S47              BioRetention         1     1030.94       50.79        0.11        0.11        0.00
  S47              BioRetention         1      508.77       38.81        0.05        0.05        0.00
  S47              BioRetention         1      374.62       39.08        0.04        0.04        0.00
  S47              BioRetention         1     2633.65      103.85        0.27        5.05        0.00
  S47              BioRetention         1      162.57        6.46        0.02        0.40        0.00
  S47              BioRetention         1      198.67        7.42        0.02        0.38        0.00
  S47              BioRetention         1      199.66        7.46        0.02        0.38        0.00
  S47              BioRetention         1      200.02        7.51        0.02        0.38        0.00
  S47              BioRetention         1      144.62        5.90        0.02        0.38        0.00
  S47              BioRetention         1      207.99        9.17        0.02        0.39        0.00
  S48              GreenRoof            1    17987.05      293.61        0.97        0.97        0.00
  S48              RainBarrel           1      688.92       27.45        0.04        1.32        0.00
  S5               BioRetention         1     2484.59      168.58        0.06        0.06        0.00
  S5               BioRetention         1     2407.91       18.63        0.05        0.05        0.00
  S51              BioRetention         1      116.38        4.93        0.01        0.01        0.00
  S51              BioRetention         1       75.16        5.11        0.01        0.01        0.00
  S51              GreenRoof            1     5964.11       60.88        0.43        0.43        0.00
  S51              GreenRoof            1     7550.67      169.87        0.55        0.55        0.00
  S53              BioRetention         1      494.20       13.13        0.04        0.04        0.00
  S53              BioRetention         1      483.98       13.64        0.04        0.04        0.00
  S53              BioRetention         1      403.97       12.82        0.03        0.03        0.00
  S58              GreenRoof            1     8809.90      295.25        0.45        0.45        0.00
  S6               InfilTrench          1      556.43       99.90        0.01        0.53        0.00
  S60              VegSwale             1      310.82       11.92        0.01        0.01        0.00
  S62              GreenRoof            1     5610.49       86.73        0.26        0.26        0.00
  S63              BioRetention         1     1111.01       59.74        0.02        0.34        0.00
  S63              BioRetention         1      130.91       24.53        0.00        0.07        0.00
  S63              BioRetention         1      118.54       24.49        0.00        0.06        0.00
  S63              GreenRoof            1    21644.46      143.20        0.43        0.43        0.00
  S64              GreenRoof            1    14921.53      166.09        0.90        0.90        0.00
  S64              GreenRoof            1     3266.23       57.85        0.20        1.10        0.00
  S64              VegSwale             1      554.29       39.58        0.03        0.03        0.00
  S64              VegSwale             1      717.54       53.47        0.04        1.25        0.00
  S64              GreenRoof            1     5453.99      108.53        0.33        0.33        0.00
  S64              GreenRoof            1     7105.04       81.26        0.43        2.41        0.00
  S64              GreenRoof            1     1764.10       89.20        0.11        0.11        0.00
  S64              InfilTrench          1      721.74       20.66        0.04        0.04        0.00
  S65              GreenRoof            1     2529.42      110.49        0.30        0.29        0.00
  S65              GreenRoof            1     2924.99       68.71        0.34        0.34        0.00
  S67              RainGarden           1     5294.88       89.95        0.33        0.33        0.00
  S67              RainGarden           1     1421.57       34.36        0.09        0.63        0.00
  S67              RainGarden           1      535.44       42.02        0.03        0.42        0.00
  S67              RainGarden           1      392.47       32.43        0.02        0.19        0.00
  S67              RainGarden           1      408.09       25.88        0.03        0.14        0.00
  S73              RainBarrel           1     2348.53       86.23        1.41       23.57        0.00
  S73              GreenRoof            1    29183.74      201.74       17.49       17.49        0.00
  S75              BioRetention         1     1586.40      113.76        0.10        1.88        0.00
  S75              BioRetention         1     1152.85       60.85        0.08        1.29        0.00
  S75              BioRetention         1     1904.36       81.39        0.12        1.39        0.00
  S75              BioRetention         1     1452.53       94.37        0.09        1.58        0.00
  S75              BioRetention         1     2031.74      135.01        0.13        2.23        0.00
  S8               GreenRoof            1    14778.57      112.81        0.23        0.23        0.00
  S8               PermPave             1     4843.33      155.64        0.08        0.08        0.00
  S8               BioRetention         1     1388.67       21.83        0.02        0.26        0.00
  S8               BioRetention         1     5248.87      194.52        0.08        1.42        0.00
  S8               BioRetention         1      716.75       12.35        0.01        0.17        0.00
  S8               RoofDisconnect       1      765.56       18.85        0.01        0.06        0.00
  S8               RoofDisconnect       1     1267.01      107.21        0.02        0.04        0.00
  S8               RainGarden           1      212.81       16.13        0.00        0.02        0.00
  S8               InfilTrench          1      357.63       27.17        0.01        0.17        0.00
  S85              BioRetention         1      437.60       35.11        0.02        0.02        0.00
  S85              BioRetention         1      245.69       20.33        0.01        0.01        0.00
  S85              BioRetention         1      226.50       19.75        0.01        0.01        0.00
  S85              InfilTrench          1      467.98       51.73        0.02        1.57        0.00
  S86              GreenRoof            1    15669.80      296.60        0.78        0.78        0.00
  S88              GreenRoof            1    17068.16      228.47        2.35        2.35        0.00
  S90              GreenRoof            1    11626.02      134.24        0.41        0.41        0.00
  S90              GreenRoof            1     2080.49       80.26        0.07        0.07        0.00
  S90              VegSwale             1      483.22       31.65        0.02        0.83        0.00
  S90              VegSwale             1      479.47       34.11        0.02        0.90        0.00
  S90              BioRetention         1     1026.80      167.67        0.04        0.53        0.00
  S90              BioRetention         1      559.43       81.55        0.02        0.02        0.00
  S91              BioRetention         1      321.85       21.64        0.01        0.01        0.00
  S91              BioRetention         1      327.38       35.29        0.01        0.01        0.00
  S91              BioRetention         1      726.67       62.09        0.03        0.03        0.00
  S91              GreenRoof            1     4085.37      142.22        0.14        0.14        0.00
  S91              BioRetention         1     1914.53       58.56        0.07        0.61        0.00
  S91              VegSwale             1      130.77       21.36        0.00        0.01        0.00
  S91              VegSwale             1      176.16       26.12        0.01        0.01        0.00
  S91              VegSwale             1      155.78       26.06        0.01        0.01        0.00
  S91              BioRetention         1      732.54       38.80        0.03        0.31        0.00
  S91              BioRetention         1      321.17       42.08        0.01        0.15        0.00
  S91              BioRetention         1      682.21       34.88        0.02        0.80        0.00
  S91              BioRetention         1      722.47       35.61        0.03        0.47        0.00
  S91              BioRetention         1     1316.79      164.24        0.05        0.55        0.00
  S91              BioRetention         1      111.29       22.38        0.00        2.81        0.00
  S92              BioRetention         1     4256.68       82.93        0.38        2.75        0.00
  S92              BioRetention         1     5149.72      203.81        0.46        8.73        0.00
  S95              BioRetention         1      855.39       39.15        0.04        0.04        0.00
  S95              BioRetention         1      406.23       26.64        0.02        0.02        0.00
  S95              BioRetention         1     1362.39       70.60        0.06        1.30        0.00
  S95              BioRetention         1     4847.11       89.69        0.22        4.35        0.00
  S95              BioRetention         1     4644.13      208.32        0.21        3.65        0.00
  
  
  ************
  Node Summary
  ************
                                           Invert      Max.    Ponded    External
  Name                 Type                 Elev.     Depth      Area    Inflow  
  -------------------------------------------------------------------------------
  J1                   JUNCTION            142.05     10.45       0.0
  J10                  JUNCTION              1.00      4.00       0.0
  J105                 JUNCTION             35.00      5.00       0.0
  J116                 JUNCTION             29.00      5.00       0.0
  J119                 JUNCTION             23.40      5.00       0.0
  J128                 JUNCTION              3.37     10.00       0.0
  J130                 JUNCTION             -4.00      6.92       0.0
  J131                 JUNCTION             -3.04      9.00       0.0
  J136                 JUNCTION             -0.27      6.00       0.0
  J138                 JUNCTION              1.07      9.00       0.0
  J141                 JUNCTION              3.00      5.00       0.0
  J157                 JUNCTION             -0.50      7.00       0.0
  J163                 JUNCTION              4.60      5.00       0.0
  J165                 JUNCTION             17.90      5.00       0.0
  J171                 JUNCTION              1.69      5.00       0.0
  J177                 JUNCTION             22.70      5.00       0.0
  J182                 JUNCTION             11.90      5.67       0.0
  J191                 JUNCTION              4.26      5.00       0.0
  J2                   JUNCTION             14.01      5.00       0.0
  J204                 JUNCTION              7.14      5.00       0.0
  J208                 JUNCTION             40.00      5.00       0.0
  J211                 JUNCTION              1.69      9.00       0.0
  J227                 JUNCTION              8.68      7.00       0.0
  J231                 JUNCTION             16.89      5.00       0.0
  J232                 JUNCTION             14.00      5.00       0.0
  J234                 JUNCTION              5.20      5.00       0.0
  J238                 JUNCTION              8.21      5.00       0.0
  J240                 JUNCTION              7.00      5.00       0.0
  J245                 JUNCTION              0.00      5.00       0.0
  J253                 JUNCTION             44.86      9.00       0.0
  J260                 JUNCTION             87.20      6.30       0.0
  J266                 JUNCTION             91.50     13.50       0.0
  J268                 JUNCTION            109.90      5.00       0.0
  J27                  JUNCTION             15.50      5.00       0.0
  J273                 JUNCTION            121.61      6.89       0.0
  J278                 JUNCTION             71.50      9.00       0.0
  J280                 JUNCTION             76.80      9.00       0.0
  J3                   JUNCTION              1.00      6.92       0.0
  J328                 JUNCTION             73.00      5.00       0.0
  J329                 JUNCTION             58.00      9.00       0.0
  J33                  JUNCTION              3.30      5.00       0.0
  J338                 JUNCTION             50.00     11.00       0.0
  J34                  JUNCTION             15.03      5.00       0.0
  J361                 JUNCTION             37.30      9.00       0.0
  J366                 JUNCTION             43.60      9.00       0.0
  J385                 JUNCTION             62.60     12.00       0.0
  J4                   JUNCTION             -1.20      3.67       0.0
  J413                 JUNCTION            100.50      7.00       0.0
  J42                  JUNCTION              4.60      5.00       0.0
  J421                 JUNCTION             42.00     12.00       0.0    Yes
  J433                 JUNCTION             57.22     12.00       0.0
  J437                 JUNCTION             30.00     11.00       0.0
  J438                 JUNCTION             31.20     11.00       0.0
  J45                  JUNCTION             23.00      5.00       0.0
  J450                 JUNCTION             55.00     12.00       0.0
  J456                 JUNCTION             30.00      7.00       0.0
  J46                  JUNCTION              8.85      5.00       0.0
  J460                 JUNCTION             34.02     15.00       0.0
  J461                 JUNCTION             26.16      9.00       0.0
  J471                 JUNCTION             52.50      5.00       0.0
  J480                 JUNCTION             38.50      7.00       0.0
  J484                 JUNCTION             20.25     11.00       0.0
  J49                  JUNCTION             29.18      5.00       0.0
  J491                 JUNCTION             23.36     11.00       0.0
  J492                 JUNCTION             46.46     15.00       0.0
  J5                   JUNCTION             -1.00      3.42       0.0
  J50                  JUNCTION             19.13      5.00       0.0
  J506                 JUNCTION             30.14      7.00       0.0
  J507                 JUNCTION             14.21     13.00       0.0
  J509                 JUNCTION             22.50     11.00       0.0
  J509-S               JUNCTION             20.00      5.00       0.0
  J511                 JUNCTION             12.23     15.00       0.0
  J512                 JUNCTION             13.20     13.50       0.0
  J534                 JUNCTION             13.40     10.00       0.0    Yes
  J539                 JUNCTION             15.26      5.00       0.0
  J541                 JUNCTION              2.71      6.92       0.0
  J548                 JUNCTION             18.07      5.00       0.0
  J556                 JUNCTION              0.12     15.00       0.0
  J567                 JUNCTION             84.97      5.00       0.0
  J568                 JUNCTION             75.00     10.00       0.0
  J571                 JUNCTION             78.59     10.00       0.0
  J576                 JUNCTION             24.10     11.00       0.0
  J578                 JUNCTION             23.49     10.00       0.0
  J586                 JUNCTION             25.93      7.00       0.0
  J587                 JUNCTION              2.30      5.00       0.0
  J592                 JUNCTION             31.48      5.00       0.0
  J60                  JUNCTION              3.50      5.00       0.0
  J609                 JUNCTION             68.08      5.00       0.0
  J619                 JUNCTION             86.93      5.00       0.0
  J62                  JUNCTION              1.73      5.00       0.0
  J620                 JUNCTION             65.00     12.00       0.0
  J624                 JUNCTION             64.40     12.00       0.0
  J632                 JUNCTION             36.48      5.00       0.0
  J637                 JUNCTION             35.51      9.00       0.0
  J640                 JUNCTION             30.00      9.00       0.0
  J65                  JUNCTION             12.23     10.00       0.0
  J659                 JUNCTION             37.81      5.00       0.0
  J672                 JUNCTION             21.00     11.00       0.0
  J675                 JUNCTION              4.53     15.00       0.0
  J686                 JUNCTION             10.00      5.00       0.0
  J694                 JUNCTION              4.50     10.00       0.0
  J695                 JUNCTION              6.50     11.00       0.0
  J7                   JUNCTION              2.00      5.92       0.0
  J71                  JUNCTION              0.50      5.00       0.0
  J712                 JUNCTION             35.00     12.00       0.0
  J714                 JUNCTION             10.00      5.42       0.0
  J72                  JUNCTION             26.10      5.00       0.0
  J722                 JUNCTION             14.68      5.00       0.0
  J732                 JUNCTION             -0.55      5.42       0.0
  J733                 JUNCTION              5.55      5.00       0.0
  J748                 JUNCTION              5.23      7.00       0.0
  J749                 JUNCTION              3.39      9.00       0.0
  J751                 JUNCTION              3.42      7.00       0.0
  J756                 JUNCTION             14.91      6.92       0.0
  J758                 JUNCTION             -1.51      7.00       0.0
  J760                 JUNCTION              0.41      5.00       0.0
  J761                 JUNCTION              0.18      9.00       0.0
  J762                 JUNCTION             13.70      6.00       0.0
  J764                 JUNCTION             -2.58      7.00       0.0
  J765                 JUNCTION             -1.15      5.00       0.0
  J772                 JUNCTION             16.14      5.00       0.0
  J775                 JUNCTION              6.00      5.00       0.0
  J78                  JUNCTION             18.00      5.00       0.0
  J782                 JUNCTION             21.00     11.00       0.0
  J786                 JUNCTION              0.86      5.00       0.0
  J787                 JUNCTION             89.53      6.00       0.0
  J789                 JUNCTION             22.00     10.00       0.0
  J792                 JUNCTION             21.90     11.00       0.0
  J799                 JUNCTION             -3.53      7.00       0.0
  J8                   JUNCTION              1.00      6.92       0.0
  J80                  JUNCTION              1.00      5.00       0.0
  J801                 JUNCTION             83.50      9.00       0.0    Yes
  J88                  JUNCTION              3.24      5.00       0.0
  J90                  JUNCTION              4.27      5.00       0.0
  J139                 OUTFALL              -5.30      2.92       0.0
  J538                 OUTFALL               2.70      3.42       0.0
  J798                 OUTFALL              -4.00      6.25       0.0
  OF1                  OUTFALL              19.90      4.00       0.0
  Out1                 OUTFALL               8.30      4.92       0.0
  Out10                OUTFALL               5.00      0.00       0.0
  Out106               OUTFALL               0.29      2.92       0.0
  Out11                OUTFALL               9.00      0.00       0.0
  Out112               OUTFALL              -6.93      4.92       0.0
  Out122               OUTFALL              -3.41      3.92       0.0
  Out123               OUTFALL               1.32      5.00       0.0
  Out126               OUTFALL              -3.24      7.25       0.0
  Out129               OUTFALL               2.98      2.67       0.0
  Out13                OUTFALL              13.00      0.00       0.0
  Out134               OUTFALL              -1.75      3.42       0.0
  Out135               OUTFALL              -2.00      3.67       0.0
  Out14                OUTFALL               8.50      0.00       0.0
  Out16                OUTFALL               0.00      5.92       0.0
  Out17                OUTFALL               6.50      0.00       0.0
  Out18                OUTFALL              16.18      0.00       0.0
  Out19                OUTFALL              -2.00      6.67       0.0
  Out2                 OUTFALL               0.91      6.92       0.0
  Out20                OUTFALL               4.50      0.00       0.0
  Out21                OUTFALL               7.50      0.00       0.0
  Out22                OUTFALL              10.00      0.00       0.0
  Out23                OUTFALL              20.50      0.00       0.0
  Out24                OUTFALL              17.00      0.00       0.0
  Out25                OUTFALL               7.00      0.00       0.0
  Out26                OUTFALL               6.00      0.00       0.0
  Out28                OUTFALL               5.50      0.00       0.0
  Out29                OUTFALL               3.50      0.00       0.0
  Out3                 OUTFALL              -5.00      6.92       0.0
  Out32                OUTFALL               5.50      0.00       0.0
  Out33                OUTFALL               1.00      0.00       0.0
  Out34                OUTFALL               9.50      0.00       0.0
  Out35                OUTFALL               1.50      0.00       0.0
  Out37                OUTFALL              67.54      4.42       0.0
  Out4                 OUTFALL               0.00      5.00       0.0
  Out47                OUTFALL              -1.00      2.92       0.0
  Out5                 OUTFALL              87.00      0.00       0.0
  Out59                OUTFALL               0.90      3.42       0.0
  Out6                 OUTFALL               2.50      0.00       0.0
  Out63                OUTFALL               0.65      3.42       0.0
  Out64                OUTFALL               0.00      5.00       0.0
  Out67                OUTFALL               0.00      1.92       0.0
  Out68                OUTFALL              -0.28      5.67       0.0
  Out69                OUTFALL               0.00      4.42       0.0
  Out7                 OUTFALL               0.50      0.00       0.0
  Out73                OUTFALL               0.00      9.25       0.0
  Out76                OUTFALL              -1.00      2.59       0.0
  Out79                OUTFALL              -1.50      3.67       0.0
  Out8                 OUTFALL               5.00      0.00       0.0
  Out86                OUTFALL               0.00      2.42       0.0
  Out87                OUTFALL               0.00      6.92       0.0
  Out9                 OUTFALL               9.50      0.00       0.0
  J105-S               STORAGE              41.50      2.00       0.0
  J10-S                STORAGE               6.00      2.00       0.0
  J116-S               STORAGE              35.00      2.00       0.0
  J119-S               STORAGE              31.50      2.00       0.0
  J128-S               STORAGE               5.00      2.50       0.0
  J130-S               STORAGE               0.00      2.00       0.0
  J131-S               STORAGE               4.50      2.00       0.0
  J136-S               STORAGE               4.00      2.00       0.0
  J138-S               STORAGE               5.00      2.00       0.0
  J141-S               STORAGE              10.00      2.00       0.0
  J157-S               STORAGE               5.00      2.00       0.0
  J163-S               STORAGE              12.00      2.00       0.0
  J165-S               STORAGE              25.00      2.00       0.0
  J171-S               STORAGE              12.50      2.00       0.0
  J177-S               STORAGE              26.50      2.00       0.0
  J182-S               STORAGE              21.00      2.00       0.0
  J191-S               STORAGE               9.00      2.00       0.0
  J1-S                 STORAGE             152.50      2.00       0.0
  J204-S               STORAGE              18.00      2.00       0.0
  J208-S               STORAGE              46.50      2.00       0.0
  J211-S               STORAGE               5.00      3.00       0.0
  J227-S               STORAGE              15.68      2.00       0.0
  J231-S               STORAGE              21.89      2.00       0.0
  J232-S               STORAGE              19.50      2.00       0.0
  J234-S               STORAGE              24.00      2.00       0.0
  J238-S               STORAGE              22.00      2.00       0.0
  J240-S               STORAGE              13.00      2.50       0.0
  J245-S               STORAGE              10.00      2.00       0.0
  J253-S               STORAGE              52.00      2.00       0.0
  J260-S               STORAGE              93.50      2.00       0.0
  J266-S               STORAGE             105.00      4.50       0.0
  J268-S               STORAGE             152.00      2.00       0.0
  J273-S               STORAGE             128.50      2.00       0.0
  J278-S               STORAGE              78.00      3.00       0.0
  J27-S                STORAGE              16.00      4.00       0.0
  J280-S               STORAGE              79.00      3.50       0.0
  J328-S               STORAGE              76.00      3.00       0.0
  J329-S               STORAGE              73.00      2.00       0.0
  J338-S               STORAGE              55.50      2.50       0.0
  J33-S                STORAGE               6.00      2.00       0.0
  J34-S                STORAGE              21.00      2.00       0.0
  J361-S               STORAGE              48.00      2.00       0.0
  J366-S               STORAGE              50.50      2.00       0.0
  J385-S               STORAGE              67.00      2.00       0.0
  J3-S                 STORAGE               7.00      2.00       0.0
  J413-S               STORAGE             103.50      2.00       0.0
  J421-S               STORAGE              45.50      2.00       0.0
  J42-S                STORAGE              28.50      2.00       0.0
  J433-S               STORAGE              72.50      2.00       0.0
  J437-S               STORAGE              36.00      2.00       0.0
  J438-S               STORAGE              35.50      3.00       0.0
  J450-S               STORAGE              63.00      2.00       0.0
  J456-S               STORAGE              39.00      2.50       0.0
  J45-S                STORAGE              24.00      2.00       0.0
  J460-S               STORAGE              58.00      2.00       0.0
  J461-S               STORAGE              38.00      2.00       0.0
  J46-S                STORAGE              17.50      2.00       0.0
  J471-S               STORAGE              58.50      2.00       0.0
  J480-S               STORAGE              45.50      2.00       0.0
  J484-S               STORAGE              31.00      5.50       0.0
  J491-S               STORAGE              33.00      6.50       0.0
  J492-S               STORAGE              60.00      2.00       0.0
  J49-S                STORAGE              31.00      2.00       0.0
  J4-S                 STORAGE               4.50      2.00       0.0
  J506-S               STORAGE              39.00      3.00       0.0
  J507-S               STORAGE              28.00      2.00       0.0
  J50-S                STORAGE              20.00      2.00       0.0
  J512-S               STORAGE              27.00      5.50       0.0
  J534-S               STORAGE              24.50      4.00       0.0
  J539-S               STORAGE              20.00      2.00       0.0
  J541-S               STORAGE              12.00      2.00       0.0
  J548-S               STORAGE              22.50      2.00       0.0
  J556-S               STORAGE              16.50      2.00       0.0
  J567-S               STORAGE              94.50      5.50       0.0
  J568-S               STORAGE              86.50      2.00       0.0
  J571-S               STORAGE             113.50      2.00       0.0
  J576-S               STORAGE              33.00      2.00       0.0
  J578-S               STORAGE              31.00      2.00       0.0
  J586-S               STORAGE              30.50      2.00       0.0
  J587-S               STORAGE               7.50      2.00       0.0
  J592-S               STORAGE              32.00      2.00       0.0
  J5-S                 STORAGE               7.50      2.00       0.0
  J609-S               STORAGE              96.50      2.00       0.0
  J60-S                STORAGE               3.55      2.00       0.0
  J619-S               STORAGE             102.00      2.00       0.0
  J620-S               STORAGE              68.00      4.00       0.0
  J624-S               STORAGE              69.50      5.00       0.0
  J62-S                STORAGE               2.00      2.00       0.0
  J632-S               STORAGE              48.00      2.00       0.0
  J637-S               STORAGE              40.50      2.00       0.0
  J640-S               STORAGE              38.00      2.00       0.0
  J659-S               STORAGE              51.50      2.50       0.0
  J672-S               STORAGE              21.00      2.00       0.0
  J675-S               STORAGE              20.00      2.00       0.0
  J686-S               STORAGE              15.00      2.00       0.0
  J694-S               STORAGE               6.50      2.50       0.0
  J695-S               STORAGE               8.00      3.00       0.0
  J712-S               STORAGE              58.50      2.00       0.0
  J714-S               STORAGE              11.00      2.00       0.0
  J71-S                STORAGE               8.50      2.00       0.0
  J722-S               STORAGE              21.50      2.00       0.0
  J72-S                STORAGE              36.50      2.00       0.0
  J732-S               STORAGE               3.00      2.00       0.0
  J733-S               STORAGE              10.00      2.00       0.0
  J748-S               STORAGE              11.00      2.00       0.0
  J749-S               STORAGE               8.00      2.00       0.0
  J751-S               STORAGE              13.00      2.00       0.0
  J756-S               STORAGE              28.50      2.00       0.0
  J758-S               STORAGE               7.50      2.00       0.0
  J760-S               STORAGE               9.50      2.00       0.0
  J761-S               STORAGE               1.00      3.00       0.0
  J762-S               STORAGE              27.00      2.00       0.0
  J764-S               STORAGE               2.00      2.00       0.0
  J765-S               STORAGE               5.00      2.00       0.0
  J772-S               STORAGE              22.00      2.00       0.0
  J782-S               STORAGE              24.00      2.00       0.0
  J787-S               STORAGE             114.00      2.00       0.0
  J789-S               STORAGE              20.00      2.00       0.0
  J78-S                STORAGE              23.00      2.50       0.0
  J792-S               STORAGE              22.00      2.00       0.0
  J799-S               STORAGE               0.50      2.00       0.0
  J7-S                 STORAGE              13.00      2.00       0.0
  J801-S               STORAGE              87.00      4.00       0.0
  J80-S                STORAGE              16.00      2.00       0.0
  J88-S                STORAGE               8.00      2.00       0.0
  J8-S                 STORAGE               9.50      2.00       0.0
  
  
  ************
  Link Summary
  ************
  Name             From Node        To Node          Type            Length    %Slope Roughness
  ---------------------------------------------------------------------------------------------
  C1               J2               Out1             CONDUIT          285.6    1.9998    0.0130
  C10              J4               Out79            CONDUIT          111.0    0.2703    0.0130
  C102             J534             J511             CONDUIT          957.7    0.1222    0.0120
  C102-S           J534-S           J509-S           CONDUIT          957.7    0.2610    0.0160
  C103             J511             J675             CONDUIT         1719.7    0.4478    0.0120
  C105             J480             J534             CONDUIT         1494.3    1.6800    0.0120
  C105-S           J480-S           J534-S           CONDUIT         1494.3    1.1377    0.0160
  C11              J5               Out134           CONDUIT           62.0    1.2098    0.0120
  C111             J491             J484             CONDUIT          187.6    1.6582    0.0130
  C111-S           J491-S           J484-S           CONDUIT          187.6   -1.8662    0.0160
  C113             J484             J507             CONDUIT          790.9    0.7637    0.0130
  C113-S           J484-S           J507-S           CONDUIT          790.9    0.1264    0.0160
  C13              J7               Out16            CONDUIT           53.5    3.7409    0.0110
  C131             J760             J765             CONDUIT          709.8    0.2198    0.0130
  C131-S           J760-S           J765-S           CONDUIT          709.8    0.3522    0.0160
  C132             J765             Out135           CONDUIT          510.5    0.1665    0.0130
  C14              J8               Out2             CONDUIT           50.0    0.1800    0.0120
  C141             J171             J4               CONDUIT          400.9    0.7209    0.0130
  C141-S           J171-S           J4-S             CONDUIT          400.9    1.4968    0.0160
  C159             J722             J760             CONDUIT          535.9    2.6640    0.0130
  C159-S           J722-S           J760-S           CONDUIT          535.9    1.8665    0.0160
  C163             J714             J732             CONDUIT         1158.2    0.9109    0.0130
  C163-S           J714-S           J732-S           CONDUIT         1158.2    0.5181    0.0160
  C164             J732             Out76            CONDUIT          309.3    0.1455    0.0130
  C168             J733             J5               CONDUIT          432.8    1.5134    0.0120
  C168-S           J733-S           J5-S             CONDUIT          432.8    0.1155    0.0160
  C182             J792             J672             CONDUIT          350.4    0.2569    0.0130
  C182-S           J792-S           J672-S           CONDUIT          350.4   -0.2854    0.0160
  C186             J509             J782             CONDUIT          837.3    0.1791    0.0130
  C187             J782             J672             CONDUIT          365.3    0.0100    0.0130
  C187-S           J782-S           J672-S           CONDUIT          365.3    0.2737    0.0160
  C190             J507             J512             CONDUIT          214.7    0.4705    0.0120
  C190-S           J507-S           J512-S           CONDUIT          214.7   -2.0968    0.0160
  C191             J512             J534             CONDUIT          696.9   -0.0287    0.0130
  C191-S           J512-S           J509-S           CONDUIT          696.9    0.7175    0.0160
  C2               J1               J260             CONDUIT         1696.9    3.2341    0.0130
  C21              J260             J801             CONDUIT          391.9    0.9441    0.0120
  C211             J712             J437             CONDUIT          673.4    0.7426    0.0130
  C211-S           J712-S           J437-S           CONDUIT          673.4    3.0458    0.0160
  C21-S            J260-S           J801-S           CONDUIT          391.9    0.6379    0.0160
  C226             J506             J461             CONDUIT          481.4    0.8267    0.0130
  C226-S           J506-S           J461-S           CONDUIT          481.4   -0.2077    0.0160
  C227             J461             J491             CONDUIT          517.7    0.5409    0.0130
  C227-S           J461-S           J491-S           CONDUIT          517.7    0.5795    0.0160
  C229             J456             J461             CONDUIT          658.5    0.5832    0.0130
  C229-S           J456-S           J461-S           CONDUIT          658.5   -0.1519    0.0160
  C23              J801             J280             CONDUIT          854.4    0.7842    0.0090
  C236             J471             J460             CONDUIT         1055.9    1.2767    0.0130
  C236-S           J471-S           J460-S           CONDUIT         1055.9   -0.1421    0.0160
  C23-S            J801-S           J280-S           CONDUIT          854.4    0.5267    0.0160
  C240             J460             J461             CONDUIT          391.9    2.0061    0.0130
  C249             J433             J450             CONDUIT          557.8    0.3980    0.0090
  C249-S           J433-S           J450-S           CONDUIT          557.8    1.3448    0.0160
  C251             J450             J421             CONDUIT          704.1    1.8467    0.0090
  C251-S           J450-S           J421-S           CONDUIT          704.1    2.2020    0.0160
  C26              J280             J278             CONDUIT          326.6    1.6231    0.0130
  C260             J492             J484             CONDUIT          515.4    5.0922    0.0120
  C260-S           J492-S           J484-S           CONDUIT          515.4    5.2461    0.0160
  C26-S            J280-S           J278-S           CONDUIT          326.6   -0.6124    0.0160
  C27              J278             J624             CONDUIT          616.8    1.1512    0.0130
  C274             J659             J491             CONDUIT         1608.5    0.8984    0.0130
  C274-S           J659-S           J491-S           CONDUIT         1608.5    0.7461    0.0160
  C279             J328             J329             CONDUIT         1279.7    1.1722    0.0130
  C279-S           J328-S           J329-S           CONDUIT         1279.7    0.0781    0.0160
  C27-S            J278-S           J329-S           CONDUIT          616.8    0.4864    0.0160
  C282             J338             J253             CONDUIT         1132.0    0.4541    0.0090
  C292             J329             J338             CONDUIT         1257.0    0.6364    0.0090
  C292-S           J329-S           J338-S           CONDUIT         1257.0    1.1934    0.0160
  C2-S             J1-S             J260-S           CONDUIT         1696.9    3.3610    0.0160
  C3               J756             J3               CONDUIT         2384.4    0.5834    0.0120
  C301             J385             J421             CONDUIT         1430.9    1.4398    0.0120
  C301-S           J385-S           J421-S           CONDUIT         1430.9    1.3629    0.0160
  C314             J632             J592             CONDUIT          962.1    0.5197    0.0130
  C314-S           J632-S           J592-S           CONDUIT          962.1    1.4553    0.0160
  C317             J592             J586             CONDUIT          335.2    1.6558    0.0120
  C317-S           J592-S           J586-S           CONDUIT          335.2   -0.1491    0.0160
  C319             J586             J789             CONDUIT          448.0    0.8773    0.0130
  C319-S           J586-S           J789-S           CONDUIT          448.0    1.8977    0.0160
  C321             J789             J748             CONDUIT         1545.5    1.0852    0.0130
  C321-S           J789-S           J748-S           CONDUIT         1545.5    0.4529    0.0160
  C325             J748             J749             CONDUIT          643.5    0.2859    0.0130
  C325-S           J748-S           J749-S           CONDUIT          643.5    0.1554    0.0160
  C327             J749             J211             CONDUIT          245.5    0.6924    0.0130
  C327-S           J749-S           J211-S           CONDUIT          245.5    0.4073    0.0160
  C328             J211             J761             CONDUIT          405.6    0.3723    0.0120
  C328-S           J211-S           J761-S           CONDUIT          405.6    0.4931    0.0160
  C329             J761             Out126           CONDUIT          664.0    0.5151    0.0130
  C334             J191             Out86            CONDUIT         1133.3    0.3759    0.0130
  C338             J49              J50              CONDUIT          439.8    2.2856    0.0130
  C338-S           J49-S            J50-S            CONDUIT          439.8    2.0467    0.0160
  C34              J268             J266             CONDUIT         1388.9    1.3249    0.0130
  C340             J50              J749             CONDUIT          648.1    2.4294    0.0130
  C340-S           J50-S            J749-S           CONDUIT          648.1    1.5432    0.0160
  C34-S            J268-S           J266-S           CONDUIT         1388.9    3.0613    0.0160
  C351             J204             J191             CONDUIT          632.8    0.4552    0.0130
  C351-S           J204-S           J191-S           CONDUIT          632.8    1.1063    0.0160
  C355             J764             J799             CONDUIT          542.5    0.1751    0.0130
  C355-S           J764-S           J799-S           CONDUIT          542.5   -0.0922    0.0160
  C361             J751             J758             CONDUIT          309.6    1.5926    0.0130
  C361-S           J751-S           J758-S           CONDUIT          309.6    1.1306    0.0160
  C362             J758             J764             CONDUIT          732.6    0.1461    0.0130
  C362-S           J758-S           J764-S           CONDUIT          732.6    0.4778    0.0160
  C368             J786             Out106           CONDUIT          289.1    0.1972    0.0120
  C37              J266             J260             CONDUIT          885.9    0.4854    0.0130
  C37-S            J266-S           J260-S           CONDUIT          885.9    1.0724    0.0160
  C382             J686             J695             CONDUIT          516.2    0.6781    0.0130
  C382-S           J686-S           J695-S           CONDUIT          516.2    0.7750    0.0160
  C397             J539             J538             CONDUIT          296.8    4.2359    0.0130
  C3-S             J756-S           J3-S             CONDUIT         2384.0    0.8180    0.0160
  C4               J775             Out4             CONDUIT          176.2    3.4080    0.0130
  C417             J548             J772             CONDUIT          221.5    0.8714    0.0120
  C417-S           J548-S           J772-S           CONDUIT          221.5   -0.6772    0.0160
  C418             J772             J539             CONDUIT          345.6    0.2546    0.0160
  C418-S           J772-S           J539-S           CONDUIT          345.6    0.0100    0.0160
  C422             J762             J7               CONDUIT          240.5    4.8706    0.0110
  C422-S           J762-S           J7-S             CONDUIT          240.5    4.9958    0.0160
  C449             J413             J421             CONDUIT         2043.7    2.8636    0.0110
  C449-S           J413-S           J421-S           CONDUIT         2043.7    2.7411    0.0160
  C462             J620             J385             CONDUIT          446.7    0.5373    0.0130
  C462-S           J620-S           J385-S           CONDUIT          446.7   -0.2239    0.0160
  C463             J624             J620             CONDUIT          443.8   -0.1352    0.0120
  C463-S           J624-S           J620-S           CONDUIT          443.8   -0.5634    0.0160
  C473             J787             J567             CONDUIT          593.4    0.7685    0.0160
  C473-S           J787-S           J567-S           CONDUIT          593.4    2.3601    0.0160
  C474             J567             J568             CONDUIT          463.2    2.1529    0.0110
  C474-S           J567-S           J568-S           CONDUIT          463.2    1.2954    0.0160
  C476             J568             Out37            CONDUIT          325.2    2.2949    0.0110
  C478             J571             J568             CONDUIT          297.1    1.2084    0.0110
  C478-S           J571-S           J568-S           CONDUIT          297.1    8.4441    0.0160
  C5               J130             Out3             CONDUIT          123.0    0.8130    0.0130
  C509-S           J509-S           OF1              CONDUIT           50.0   -3.8027    0.0160
  C530             J361             J637             CONDUIT          728.4    0.2457    0.0110
  C530-S           J361-S           J637-S           CONDUIT          728.4    0.7551    0.0160
  C532             J366             J361             CONDUIT          932.5    0.6756    0.0110
  C532-S           J366-S           J361-S           CONDUIT          932.5    0.0536    0.0160
  C548             J640             J576             CONDUIT          882.6    0.6685    0.0130
  C548-S           J640-S           J576-S           CONDUIT          882.6    0.3399    0.0160
  C549             J576             J578             CONDUIT          238.1    0.2562    0.0130
  C549-S           J576-S           J578-S           CONDUIT          238.1    0.0100    0.0160
  C550             J619             J609             CONDUIT          465.6    4.0516    0.0130
  C550-S           J619-S           J609-S           CONDUIT          465.6    0.7517    0.0160
  C551             J609             J578             CONDUIT         1018.1    4.3839    0.0130
  C551-S           J609-S           J578-S           CONDUIT         1018.1    6.2493    0.0160
  C556             J637             J640             CONDUIT          719.3    0.7660    0.0130
  C556-S           J637-S           J640-S           CONDUIT          719.3    0.0695    0.0160
  C576             J578             J789             CONDUIT         1049.1    0.1420    0.0090
  C576-S           J578-S           J789-S           CONDUIT         1049.1    0.8579    0.0160
  C602             J208             J116             CONDUIT          937.5    1.1734    0.0160
  C602-S           J208-S           J116-S           CONDUIT          937.5    1.0134    0.0160
  C610             J62              Out63            CONDUIT          206.0    0.5244    0.0090
  C638             J138             J131             CONDUIT          575.6    0.5403    0.0130
  C638-S           J138-S           J131-S           CONDUIT          575.6   -0.2606    0.0160
  C65              J421             J438             CONDUIT          991.9    1.0889    0.0130
  C650             J60              J62              CONDUIT          365.4    0.4845    0.0130
  C650-S           J60-S            J62-S            CONDUIT          365.4   -0.1232    0.0160
  C659             J587             J10              CONDUIT          674.4    0.1928    0.0130
  C659-S           J587-S           J10-S            CONDUIT          674.0   -0.0742    0.0160
  C65-S            J421-S           J438-S           CONDUIT          991.9    0.7058    0.0160
  C677             J105             J116             CONDUIT          568.2    1.0559    0.0130
  C677-S           J105-S           J116-S           CONDUIT          568.2    0.7919    0.0160
  C68              J438             J437             CONDUIT          354.6    0.3384    0.0130
  C681             J119             J131             CONDUIT         1100.0    2.4043    0.0130
  C681-S           J119-S           J131-S           CONDUIT         1100.0    2.2733    0.0160
  C685             J131             J130             CONDUIT          280.4    0.3423    0.0130
  C685-S           J131-S           J130-S           CONDUIT          280.4    0.8915    0.0160
  C686             J136             J139             CONDUIT          288.8    1.7419    0.0130
  C687             J141             J136             CONDUIT          456.6    0.7162    0.0130
  C687-S           J141-S           J136-S           CONDUIT          456.6    0.8761    0.0160
  C68-S            J438-S           J437-S           CONDUIT          354.6   -0.7050    0.0160
  C69              J437             J509             CONDUIT         1869.7    0.4011    0.0090
  C69-S            J437-S           J509-S           CONDUIT         1869.7    0.7488    0.0160
  C6-S             J338-S           J253-S           CONDUIT          458.5    0.3271    0.0160
  C707             J157             Out112           CONDUIT          211.5    3.0413    0.0130
  C708             J163             J157             CONDUIT          421.3    1.2106    0.0130
  C708-S           J163-S           J157-S           CONDUIT          421.3    1.1869    0.0160
  C713             J65              Out64            CONDUIT          294.3    4.1592    0.0130
  C719             J71              Out67            CONDUIT          266.9    0.1874    0.0130
  C725             J165             J182             CONDUIT          388.5    1.5444    0.0130
  C725-S           J165-S           J182-S           CONDUIT          388.5    0.5148    0.0160
  C728             J72              J165             CONDUIT          348.4    2.3541    0.0160
  C728-S           J72-S            J165-S           CONDUIT          348.4    2.7275    0.0160
  C729             J177             J182             CONDUIT          303.9    3.5560    0.0130
  C729-S           J177-S           J182-S           CONDUIT          303.9    1.1518    0.0160
  C732             J182             Out68            CONDUIT         1688.2    0.7215    0.0120
  C734             J80              J71              CONDUIT          159.5    0.3135    0.0120
  C734-S           J80-S            J71-S            CONDUIT          159.5    3.4503    0.0160
  C737             J88              Out69            CONDUIT          261.6    1.2384    0.0110
  C74              J672             J695             CONDUIT          982.1    1.4766    0.0110
  C740             J78              J88              CONDUIT          365.5    3.3204    0.0120
  C740-S           J78-S            J88-S            CONDUIT          365.5    3.5588    0.0160
  C742             J27              J232             CONDUIT          430.1    0.2720    0.0110
  C742-S           J27-S            J232-S           CONDUIT          430.1   -1.2788    0.0160
  C744             J45              J27              CONDUIT          477.0    1.2998    0.0120
  C744-S           J45-S            J27-S            CONDUIT          477.0    0.8385    0.0160
  C74-S            J672-S           J695-S           CONDUIT          982.1    1.1201    0.0160
  C752             J234             J33              CONDUIT          822.2    0.2311    0.0160
  C752-S           J234-S           J33-S            CONDUIT          822.2    1.9464    0.0160
  C753             J33              Out122           CONDUIT          192.8    3.4824    0.0160
  C756             J42              J33              CONDUIT          155.7    0.8350    0.0160
  C756-S           J42-S            J33-S            CONDUIT          155.7   13.2820    0.0160
  C758             J232             J227             CONDUIT          314.7    1.6908    0.0160
  C758-S           J232-S           J227-S           CONDUIT          314.7    0.5784    0.0160
  C759             J231             J232             CONDUIT          354.2    0.8158    0.0160
  C759-S           J231-S           J232-S           CONDUIT          354.2    0.1101    0.0160
  C760             J227             Out129           CONDUIT          405.1    1.4071    0.0120
  C761             J34              J227             CONDUIT          112.3    1.5580    0.0120
  C761-S           J34-S            J227-S           CONDUIT          112.3    2.9566    0.0160
  C771             J46              J240             CONDUIT          172.2    1.0744    0.0120
  C771-S           J46-S            J240-S           CONDUIT          172.2    1.1615    0.0160
  C772             J240             J245             CONDUIT          455.5    1.5370    0.0120
  C772-S           J240-S           J245-S           CONDUIT          455.5    0.2195    0.0160
  C773             J245             Out47            CONDUIT          690.1    0.1449    0.0110
  C779             J238             J240             CONDUIT          356.2    0.3397    0.0110
  C779-S           J238-S           J240-S           CONDUIT          356.2    1.8251    0.0160
  C783             J90              Out123           CONDUIT          369.0    0.7994    0.0130
  C79              J695             J128             CONDUIT          369.1    0.8479    0.0110
  C797             J541             J8               CONDUIT          751.9    0.2274    0.0120
  C797-S           J541-S           J8-S             CONDUIT          751.9    0.0665    0.0160
  C79-S            J695-S           J128-S           CONDUIT          369.1   -0.5418    0.0160
  C7-S             J460-S           J461-S           CONDUIT          835.6    2.1547    0.0160
  C8               J10              Out59            CONDUIT           69.0    0.1449    0.0130
  C800             J182-S           J80-S            CONDUIT         1688.2    0.1777    0.0160
  C816             J273             J260             CONDUIT          627.5    5.4915    0.0130
  C816-S           J273-S           J260-S           CONDUIT          627.5    5.2658    0.0160
  C830             J116             J119             CONDUIT         1017.6    0.5503    0.0110
  C830-S           J116-S           J119-S           CONDUIT         1017.6    0.1474    0.0160
  C834             J799             J798             CONDUIT           89.2    0.5270    0.0110
  C839             J253             J366             CONDUIT          101.8    1.2378    0.0130
  C839-S           J253-S           J366-S           CONDUIT          101.8   -0.4912    0.0160
  C84              J694             J128             CONDUIT          494.1    0.2287    0.0130
  C84-S            J694-S           J128-S           CONDUIT          494.1   -0.7083    0.0160
  C86              J128             Out73            CONDUIT          294.1    1.1459    0.0130
  C89              J675             J556             CONDUIT         1005.9    0.4384    0.0130
  C89-S            J675-S           J556-S           CONDUIT         1005.9    0.1491    0.0160
  C9               J3               Out87            CONDUIT          402.0    0.2488    0.0120
  C94              J556             Out19            CONDUIT          711.6    0.2979    0.0130
  1                J568-S           Out5             WEIR        
  10               J62-S            Out6             WEIR        
  11               J130-S           Out7             WEIR        
  12               J136-S           Out8             WEIR        
  13               J157-S           Out10            WEIR        
  15               J71-S            Out11            WEIR        
  16               J88-S            Out14            WEIR        
  17               J33-S            Out17            WEIR        
  18               J227-S           Out18            WEIR        
  19               J245-S           Out22            WEIR        
  2                J539-S           Out23            WEIR        
  3                J556-S           Out24            WEIR        
  34               J10-S            Out26            WEIR        
  35               J3-S             Out25            WEIR        
  36               J4-S             Out20            WEIR        
  37               J5-S             Out21            WEIR        
  39               J8-S             Out9             WEIR        
  4                J128-S           Out28            WEIR        
  40               J7-S             Out13            WEIR        
  5                J732-S           Out29            WEIR        
  6                J765-S           Out32            WEIR        
  7                J799-S           Out33            WEIR        
  8                J191-S           Out34            WEIR        
  9                J761-S           Out35            WEIR        
  20               J587-S           J587             OUTLET      
  21               J10-S            J10              OUTLET      
  22               J756-S           J756             OUTLET      
  23               J3-S             J3               OUTLET      
  24               J171-S           J171             OUTLET      
  25               J4-S             J4               OUTLET      
  26               J733-S           J733             OUTLET      
  27               J5-S             J5               OUTLET      
  30               J762-S           J762             OUTLET      
  31               J7-S             J7               OUTLET      
  32               J8-S             J8               OUTLET      
  33               J541-S           J541             OUTLET      
  J105-IC          J105-S           J105             OUTLET      
  J116-IC          J116-S           J116             OUTLET      
  J119-IC          J119-S           J119             OUTLET      
  J128-IC          J128-S           J128             OUTLET      
  J130-IC          J130-S           J130             OUTLET      
  J131-IC          J131-S           J131             OUTLET      
  J136-IC          J136-S           J136             OUTLET      
  J138-IC          J138-S           J138             OUTLET      
  J141-IC          J141-S           J141             OUTLET      
  J157-IC          J157-S           J157             OUTLET      
  J163-IC          J163-S           J163             OUTLET      
  J165-IC          J165-S           J165             OUTLET      
  J177-IC          J177-S           J177             OUTLET      
  J182-IC          J182-S           J182             OUTLET      
  J191-IC          J191-S           J191             OUTLET      
  J1-IC            J1-S             J1               OUTLET      
  J204-IC          J204-S           J204             OUTLET      
  J208-IC          J208-S           J208             OUTLET      
  J211-IC          J211-S           J211             OUTLET      
  J227-IC          J227-S           J227             OUTLET      
  J231-IC          J231-S           J231             OUTLET      
  J232-IC          J232-S           J232             OUTLET      
  J234-IC          J234-S           J234             OUTLET      
  J238-IC          J238-S           J238             OUTLET      
  J240-IC          J240-S           J240             OUTLET      
  J245-IC          J245-S           J245             OUTLET      
  J253-IC          J253-S           J253             OUTLET      
  J260-IC          J260-S           J260             OUTLET      
  J266-IC          J266-S           J266             OUTLET      
  J268-IC          J268-S           J268             OUTLET      
  J273-IC          J273-S           J273             OUTLET      
  J278-IC          J278-S           J278             OUTLET      
  J27-IC           J27-S            J27              OUTLET      
  J280-IC          J280-S           J280             OUTLET      
  J328-IC          J328-S           J328             OUTLET      
  J329-IC          J329-S           J329             OUTLET      
  J338-IC          J338-S           J338             OUTLET      
  J33-IC           J33-S            J33              OUTLET      
  J34-IC           J34-S            J34              OUTLET      
  J361-IC          J361-S           J361             OUTLET      
  J366-IC          J366-S           J366             OUTLET      
  J385-IC          J385-S           J385             OUTLET      
  J413-IC          J413-S           J413             OUTLET      
  J421-IC          J421-S           J421             OUTLET      
  J42-IC           J42-S            J42              OUTLET      
  J433-IC          J433-S           J433             OUTLET      
  J437-IC          J437-S           J437             OUTLET      
  J438-IC          J438-S           J438             OUTLET      
  J450-IC          J450-S           J450             OUTLET      
  J456-IC          J456-S           J456             OUTLET      
  J45-IC           J45-S            J45              OUTLET      
  J460-IC          J460-S           J460             OUTLET      
  J461-IC          J461-S           J461             OUTLET      
  J46-IC           J46-S            J46              OUTLET      
  J471-IC          J471-S           J471             OUTLET      
  J480-IC          J480-S           J480             OUTLET      
  J484-IC          J484-S           J484             OUTLET      
  J491-IC          J491-S           J491             OUTLET      
  J492-IC          J492-S           J492             OUTLET      
  J49-IC           J49-S            J49              OUTLET      
  J506-IC          J506-S           J506             OUTLET      
  J507-IC          J507-S           J507             OUTLET      
  J509-IC          J509-S           J509             OUTLET      
  J50-IC           J50-S            J50              OUTLET      
  J512-IC          J512-S           J512             OUTLET      
  J534-IC          J534-S           J534             OUTLET      
  J539-IC          J539-S           J539             OUTLET      
  J548-IC          J548-S           J548             OUTLET      
  J556-IC          J556-S           J556             OUTLET      
  J567-IC          J567-S           J567             OUTLET      
  J568-IC          J568-S           J568             OUTLET      
  J571-IC          J571-S           J571             OUTLET      
  J576-IC          J576-S           J576             OUTLET      
  J578-IC          J578-S           J578             OUTLET      
  J586-IC          J586-S           J586             OUTLET      
  J592-IC          J592-S           J592             OUTLET      
  J609-IC          J609-S           J609             OUTLET      
  J60-IC           J60-S            J60              OUTLET      
  J619-IC          J619-S           J619             OUTLET      
  J620-IC          J620-S           J620             OUTLET      
  J624-IC          J624-S           J624             OUTLET      
  J62-IC           J62-S            J62              OUTLET      
  J632-IC          J632-S           J632             OUTLET      
  J637-IC          J637-S           J637             OUTLET      
  J640-IC          J640-S           J640             OUTLET      
  J659-IC          J659-S           J659             OUTLET      
  J672-IC          J672-S           J672             OUTLET      
  J675-IC          J675-S           J675             OUTLET      
  J686-IC          J686-S           J686             OUTLET      
  J694-IC          J694-S           J694             OUTLET      
  J695-IC          J695-S           J695             OUTLET      
  J712-IC          J712-S           J712             OUTLET      
  J714-IC          J714-S           J714             OUTLET      
  J71-IC           J71-S            J71              OUTLET      
  J722-IC          J722-S           J722             OUTLET      
  J72-IC           J72-S            J72              OUTLET      
  J732-IC          J732-S           J732             OUTLET      
  J748-IC          J748-S           J748             OUTLET      
  J749-IC          J749-S           J749             OUTLET      
  J751-IC          J751-S           J751             OUTLET      
  J758-IC          J758-S           J758             OUTLET      
  J760-IC          J760-S           J760             OUTLET      
  J761-IC          J761-S           J761             OUTLET      
  J764-IC          J764-S           J764             OUTLET      
  J765-IC          J765-S           J765             OUTLET      
  J772-IC          J772-S           J772             OUTLET      
  J782-IC          J782-S           J782             OUTLET      
  J787-IC          J787-S           J787             OUTLET      
  J789-IC          J789-S           J789             OUTLET      
  J78-IC           J78-S            J78              OUTLET      
  J792-IC          J792-S           J792             OUTLET      
  J799-IC          J799-S           J799             OUTLET      
  J801-IC          J801-S           J801             OUTLET      
  J80-IC           J80-S            J80              OUTLET      
  J88-IC           J88-S            J88              OUTLET      
  
  
  *********************
  Cross Section Summary
  *********************
                                        Full     Full     Hyd.     Max.   No. of     Full
  Conduit          Shape               Depth     Area     Rad.    Width  Barrels     Flow
  ---------------------------------------------------------------------------------------
  C1               CIRCULAR             4.92    19.01     1.23     4.92        1   352.79
  C10              RECT_CLOSED          3.67    20.18     1.10     5.50        1   127.87
  C102             CIRCULAR             9.42    69.69     2.35     9.42        1   533.96
  C102-S           4lane_street         2.00   201.00     0.88   180.00        1   876.68
  C103             CIRCULAR            11.92   111.59     2.98    11.92        1  1914.92
  C105             CIRCULAR             5.42    23.07     1.35     5.42        1   453.46
  C105-S           4lane_street         2.00   201.00     0.88   180.00        1  1830.22
  C11              CIRCULAR             3.42     9.19     0.85     3.42        1   112.71
  C111             CIRCULAR             9.25    67.20     2.31     9.25        1  1729.76
  C111-S           4lane_street         2.00   201.00     0.88   180.00        1  2344.01
  C113             CIRCULAR             9.92    77.29     2.48     9.92        1  1414.57
  C113-S           4lane_street         2.00   201.00     0.88   180.00        1   610.13
  C13              CIRCULAR             5.92    27.53     1.48     5.92        1   934.02
  C131             CIRCULAR             3.42     9.19     0.85     3.42        1    44.35
  C131-S           4lane_street         2.00   201.00     0.88   180.00        1  1018.35
  C132             RECT_CLOSED          3.67    20.18     1.10     5.50        1   100.36
  C14              CIRCULAR             6.92    37.61     1.73     6.92        1   284.76
  C141             RECT_CLOSED          3.67    20.18     1.10     5.50        1   208.83
  C141-S           4lane_street         2.00   201.00     0.88   180.00        1  2099.24
  C159             CIRCULAR             2.92     6.70     0.73     2.92        1   101.29
  C159-S           4lane_street         2.00   201.00     0.88   180.00        1  2344.19
  C163             CIRCULAR             5.42    23.07     1.35     5.42        1   308.23
  C163-S           4lane_street         2.00   201.00     0.88   180.00        1  1235.01
  C164             RECT_CLOSED          2.59    14.24     0.88     5.50        1    57.05
  C168             CIRCULAR             3.42     9.19     0.85     3.42        1   126.07
  C168-S           4lane_street         2.00   201.00     0.88   180.00        1   583.18
  C182             CIRCULAR             1.59     1.99     0.40     1.59        1     6.22
  C182-S           4lane_street         2.00   201.00     0.88   180.00        1   916.64
  C186             RECT_CLOSED          9.17   155.89     2.98    17.00        1  1561.30
  C187             RECT_CLOSED          9.42   147.61     2.94    15.67        1   346.41
  C187-S           4lane_street         2.00   201.00     0.88   180.00        1   897.75
  C190             CIRCULAR             9.92    77.29     2.48     9.92        1  1202.84
  C190-S           4lane_street         2.00   201.00     0.88   180.00        1  2484.62
  C191             CIRCULAR             9.42    69.69     2.35     9.42        1   238.88
  C191-S           4lane_street         2.00   201.00     0.88   180.00        1  1453.39
  C2               CIRCULAR             3.92    12.07     0.98     3.92        1   244.77
  C21              CIRCULAR             4.42    15.34     1.10     4.42        1   197.32
  C211             CIRCULAR             2.92     6.70     0.73     2.92        1    53.48
  C211-S           4lane_street         2.00   201.00     0.88   180.00        1  2994.55
  C21-S            4lane_street         2.00   201.00     0.88   180.00        1  1370.39
  C226             CIRCULAR             3.42     9.19     0.85     3.42        1    86.01
  C226-S           4lane_street         2.00   201.00     0.88   180.00        1   782.00
  C227             RECT_CLOSED          4.92    29.52     1.35     6.00        1   303.37
  C227-S           4lane_street         2.00   201.00     0.88   180.00        1  1306.19
  C229             CIRCULAR             1.67     2.19     0.42     1.67        1    10.68
  C229-S           4lane_street         2.00   201.00     0.88   180.00        1   668.66
  C23              CIRCULAR             7.92    49.27     1.98     7.92        1  1135.79
  C236             CIRCULAR             3.92    12.07     0.98     3.92        1   153.79
  C236-S           4lane_street         2.00   201.00     0.88   180.00        1   646.71
  C23-S            4lane_street         2.00   201.00     0.88   180.00        1  1245.24
  C240             CIRCULAR             1.92     2.90     0.48     1.92        1    28.74
  C249             CIRCULAR             3.42     9.19     0.85     3.42        1    86.20
  C249-S           4lane_street         2.00   201.00     0.88   180.00        1  1989.81
  C251             CIRCULAR             5.92    27.53     1.48     5.92        1   802.08
  C251-S           4lane_street         2.00   201.00     0.88   180.00        1  2546.18
  C26              CIRCULAR             7.92    49.27     1.98     7.92        1  1131.26
  C260             CIRCULAR             2.67     5.60     0.67     2.67        1   119.50
  C260-S           4lane_street         2.00   201.00     0.88   180.00        1  3930.04
  C26-S            4lane_street         2.00   201.00     0.88   180.00        1  1342.78
  C27              CIRCULAR             7.92    49.27     1.98     7.92        1   952.73
  C274             CIRCULAR             4.42    15.34     1.10     4.42        1   177.68
  C274-S           4lane_street         2.00   201.00     0.88   180.00        1  1482.06
  C279             CIRCULAR             2.92     6.70     0.73     2.92        1    67.19
  C279-S           4lane_street         2.00   201.00     0.88   180.00        1   479.65
  C27-S            4lane_street         2.00   201.00     0.88   180.00        1  1196.68
  C282             CIRCULAR             7.92    49.27     1.98     7.92        1   864.28
  C292             CIRCULAR             7.92    49.27     1.98     7.92        1  1023.21
  C292-S           4lane_street         2.00   201.00     0.88   180.00        1  1874.41
  C2-S             4lane_street         2.00   201.00     0.88   180.00        1  3145.67
  C3               CIRCULAR             6.92    37.61     1.73     6.92        1   512.65
  C301             CIRCULAR             9.92    77.29     2.48     9.92        1  2104.13
  C301-S           4lane_street         2.00   201.00     0.88   180.00        1  2003.17
  C314             CIRCULAR             3.42     9.19     0.85     3.42        1    68.19
  C314-S           4lane_street         2.00   201.00     0.88   180.00        1  2069.94
  C317             CIRCULAR             3.92    12.07     0.98     3.92        1   189.74
  C317-S           4lane_street         2.00   201.00     0.88   180.00        1   662.66
  C319             ARCH                 6.33    82.69     1.89    16.58        1  1354.92
  C319-S           4lane_street         2.00   201.00     0.88   180.00        1  2363.69
  C321             ARCH                 6.32    82.16     1.89    16.50        1  1495.74
  C321-S           4lane_street         2.00   201.00     0.88   180.00        1  1154.79
  C325             ARCH                 5.59    72.67     1.67    16.50        1   625.73
  C325-S           4lane_street         2.00   201.00     0.88   180.00        1   676.39
  C327             ARCH                 5.59    72.67     1.67    16.50        1   973.71
  C327-S           4lane_street         2.00   201.00     0.88   180.00        1  1095.02
  C328             ARCH                 7.25    97.11     2.17    17.00        1  1229.25
  C328-S           4lane_street         2.00   201.00     0.88   180.00        1  1204.90
  C329             ARCH                 7.25    39.99     2.17     7.00        1   549.58
  C334             RECT_CLOSED          2.42    12.10     0.82     5.00        1    74.01
  C338             CIRCULAR             2.42     4.60     0.60     2.42        1    56.86
  C338-S           4lane_street         2.00   201.00     0.88   180.00        1  2454.77
  C34              CIRCULAR             1.17     1.08     0.29     1.17        1     6.23
  C340             CIRCULAR             4.08    13.07     1.02     4.08        1   236.03
  C340-S           4lane_street         2.00   201.00     0.88   180.00        1  2131.50
  C34-S            4lane_street         2.00   201.00     0.88   180.00        1  3002.17
  C351             CIRCULAR             3.42     9.19     0.85     3.42        1    63.82
  C351-S           4lane_street         2.00   201.00     0.88   180.00        1  1804.78
  C355             VERT_ELLIPSE         5.92    11.42     0.92     3.00        1    51.62
  C355-S           4lane_street         2.00   201.00     0.88   180.00        1   520.92
  C361             CIRCULAR             2.67     5.60     0.67     2.67        1    61.69
  C361-S           4lane_street         2.00   201.00     0.88   180.00        1  1824.46
  C362             VERT_ELLIPSE         4.42    11.42     0.92     3.00        1    47.15
  C362-S           4lane_street         2.00   201.00     0.88   180.00        1  1186.02
  C368             CIRCULAR             2.92     6.70     0.73     2.92        1    29.86
  C37              CIRCULAR             4.42    15.34     1.10     4.42        1   130.60
  C37-S            4lane_street         2.00   201.00     0.88   180.00        1  1776.86
  C382             CIRCULAR             2.42     4.60     0.60     2.42        1    30.97
  C382-S           4lane_street         2.00   201.00     0.88   180.00        1  1510.50
  C397             CIRCULAR             3.42     9.19     0.85     3.42        1   194.68
  C3-S             4lane_street         2.00   201.00     0.88   180.00        1  1551.86
  C4               CIRCULAR             5.00    19.63     1.25     5.00        1   480.80
  C417             CIRCULAR             2.67     5.60     0.67     2.67        1    49.43
  C417-S           4lane_street         2.00   201.00     0.88   180.00        1  1412.06
  C418             CIRCULAR             3.42     9.19     0.85     3.42        1    38.78
  C418-S           4lane_street         2.00   201.00     0.88   180.00        1   171.59
  C422             CIRCULAR             5.92    27.53     1.48     5.92        1  1065.76
  C422-S           4lane_street         2.00   201.00     0.88   180.00        1  3835.17
  C449             CIRCULAR             4.92    19.01     1.23     4.92        1   498.93
  C449-S           4lane_street         2.00   201.00     0.88   180.00        1  2840.84
  C462             CIRCULAR             7.92    49.27     1.98     7.92        1   650.87
  C462-S           4lane_street         2.00   201.00     0.88   180.00        1   811.85
  C463             CIRCULAR             7.92    49.27     1.98     7.92        1   353.71
  C463-S           4lane_street         2.00   201.00     0.88   180.00        1  1287.88
  C473             CIRCULAR             4.42    15.34     1.10     4.42        1   133.53
  C473-S           4lane_street         2.00   201.00     0.88   180.00        1  2636.00
  C474             CIRCULAR             4.42    15.34     1.10     4.42        1   325.07
  C474-S           4lane_street         2.00   201.00     0.88   180.00        1  1952.93
  C476             RECT_CLOSED          4.42    26.52     1.27     6.00        1   637.33
  C478             CIRCULAR             5.92    27.53     1.48     5.92        1   530.84
  C478-S           4lane_street         2.00   201.00     0.88   180.00        1  4986.05
  C5               CIRCULAR             6.92    37.61     1.73     6.92        1   558.64
  C509-S           4lane_street         2.00   201.00     0.88   180.00        1  3346.03
  C530             CIRCULAR             6.42    32.37     1.60     6.42        1   297.18
  C530-S           4lane_street         2.00   201.00     0.88   180.00        1  1491.03
  C532             CIRCULAR             6.42    32.37     1.60     6.42        1   492.75
  C532-S           4lane_street         2.00   201.00     0.88   180.00        1   397.33
  C548             CIRCULAR             6.42    32.37     1.60     6.42        1   414.73
  C548-S           4lane_street         2.00   201.00     0.88   180.00        1  1000.38
  C549             VERT_ELLIPSE         9.92    45.69     1.84     6.00        1   396.48
  C549-S           4lane_street         2.00   201.00     0.88   180.00        1   171.59
  C550             CIRCULAR             1.17     1.08     0.29     1.17        1    10.90
  C550-S           4lane_street         2.00   201.00     0.88   180.00        1  1487.65
  C551             CIRCULAR             1.59     1.99     0.40     1.59        1    25.69
  C551-S           4lane_street         2.00   201.00     0.88   180.00        1  4289.39
  C556             CIRCULAR             6.42    32.37     1.60     6.42        1   443.96
  C556-S           4lane_street         2.00   201.00     0.88   180.00        1   452.39
  C576             VERT_ELLIPSE         9.92    45.69     1.84     6.00        1   426.39
  C576-S           4lane_street         2.00   201.00     0.88   180.00        1  1589.29
  C602             CIRCULAR             4.59    16.55     1.15     4.59        1   182.46
  C602-S           4lane_street         2.00   201.00     0.88   180.00        1  1727.30
  C610             CIRCULAR             3.42     9.19     0.85     3.42        1    98.94
  C638             CIRCULAR             4.42    15.34     1.10     4.42        1   137.80
  C638-S           4lane_street         2.00   201.00     0.88   180.00        1   875.92
  C65              CIRCULAR             9.92    77.29     2.48     9.92        1  1689.10
  C650             CIRCULAR             2.42     4.60     0.60     2.42        1    26.18
  C650-S           4lane_street         2.00   201.00     0.88   180.00        1   602.19
  C659             CIRCULAR             3.42     9.19     0.85     3.42        1    41.53
  C659-S           4lane_street         2.00   201.00     0.88   180.00        1   467.34
  C65-S            4lane_street         2.00   201.00     0.88   180.00        1  1441.48
  C677             CIRCULAR             4.42    15.34     1.10     4.42        1   192.64
  C677-S           4lane_street         2.00   201.00     0.88   180.00        1  1526.95
  C68              CIRCULAR             9.92    77.29     2.48     9.92        1   941.57
  C681             CIRCULAR             4.42    15.34     1.10     4.42        1   290.68
  C681-S           4lane_street         2.00   201.00     0.88   180.00        1  2587.08
  C685             CIRCULAR             6.92    37.61     1.73     6.92        1   362.49
  C685-S           4lane_street         2.00   201.00     0.88   180.00        1  1620.09
  C686             CIRCULAR             2.92     6.70     0.73     2.92        1    81.91
  C687             CIRCULAR             2.92     6.70     0.73     2.92        1    52.52
  C687-S           4lane_street         2.00   201.00     0.88   180.00        1  1606.04
  C68-S            4lane_street         2.00   201.00     0.88   180.00        1  1440.66
  C69              CIRCULAR             9.92    77.29     2.48     9.92        1  1480.83
  C69-S            4lane_street         2.00   201.00     0.88   180.00        1  1484.80
  C6-S             4lane_street         2.00   201.00     0.88   180.00        1   981.38
  C707             CIRCULAR             4.92    19.01     1.23     4.92        1   435.07
  C708             CIRCULAR             1.92     2.90     0.48     1.92        1    22.32
  C708-S           4lane_street         2.00   201.00     0.88   180.00        1  1869.31
  C713             CIRCULAR             5.00    19.63     1.25     5.00        1   531.15
  C719             CIRCULAR             1.92     2.90     0.48     1.92        1     8.78
  C725             CIRCULAR             3.92    12.07     0.98     3.92        1   169.15
  C725-S           4lane_street         2.00   201.00     0.88   180.00        1  1231.06
  C728             CIRCULAR             2.42     4.60     0.60     2.42        1    46.88
  C728-S           4lane_street         2.00   201.00     0.88   180.00        1  2833.78
  C729             CIRCULAR             3.92    12.07     0.98     3.92        1   256.67
  C729-S           4lane_street         2.00   201.00     0.88   180.00        1  1841.47
  C732             CIRCULAR             5.67    25.25     1.42     5.67        1   335.14
  C734             RECT_CLOSED          3.08    15.40     0.95     5.00        1   103.40
  C734-S           4lane_street         2.00   201.00     0.88   180.00        1  3187.21
  C737             CIRCULAR             4.42    15.34     1.10     4.42        1   246.55
  C74              RECT_CLOSED          8.92   182.06     3.10    20.41        1  6358.82
  C740             CIRCULAR             1.92     2.90     0.48     1.92        1    40.05
  C740-S           4lane_street         2.00   201.00     0.88   180.00        1  3236.94
  C742             CIRCULAR             2.42     4.60     0.60     2.42        1    23.18
  C742-S           4lane_street         2.00   201.00     0.88   180.00        1  1940.37
  C744             CIRCULAR             1.17     1.08     0.29     1.17        1     6.69
  C744-S           4lane_street         2.00   201.00     0.88   180.00        1  1571.23
  C74-S            4lane_street         2.00   201.00     0.88   180.00        1  1816.00
  C752             CIRCULAR             2.42     4.60     0.60     2.42        1    14.69
  C752-S           4lane_street         2.00   201.00     0.88   180.00        1  2393.84
  C753             CIRCULAR             3.92    12.07     0.98     3.92        1   206.37
  C756             CIRCULAR             2.42     4.60     0.60     2.42        1    27.92
  C756-S           4lane_street         2.00   201.00     0.88   180.00        1  6253.34
  C758             CIRCULAR             2.67     5.60     0.67     2.67        1    51.64
  C758-S           4lane_street         2.00   201.00     0.88   180.00        1  1304.90
  C759             CIRCULAR             1.92     2.90     0.48     1.92        1    14.89
  C759-S           4lane_street         2.00   201.00     0.88   180.00        1   569.32
  C760             CIRCULAR             2.67     5.60     0.67     2.67        1    62.82
  C761             CIRCULAR             0.92     0.66     0.23     0.92        1     3.86
  C761-S           4lane_street         2.00   201.00     0.88   180.00        1  2950.38
  C771             CIRCULAR             1.92     2.90     0.48     1.92        1    22.78
  C771-S           4lane_street         2.00   201.00     0.88   180.00        1  1849.24
  C772             CIRCULAR             1.92     2.90     0.48     1.92        1    27.25
  C772-S           4lane_street         2.00   201.00     0.88   180.00        1   803.97
  C773             RECT_CLOSED          2.92    14.60     0.92     5.00        1    71.11
  C779             CIRCULAR             0.92     0.66     0.23     0.92        1     1.96
  C779-S           4lane_street         2.00   201.00     0.88   180.00        1  2318.07
  C783             CIRCULAR             5.00    19.63     1.25     5.00        1   232.87
  C79              RECT_CLOSED          9.25   223.48     3.34    24.16        1  6217.33
  C797             CIRCULAR             6.92    37.61     1.73     6.92        1   320.08
  C797-S           4lane_street         2.00   201.00     0.88   180.00        1   442.47
  C79-S            4lane_street         2.00   201.00     0.88   180.00        1  1263.00
  C7-S             4lane_street         2.00   201.00     0.88   180.00        1  2518.70
  C8               CIRCULAR             3.42     9.19     0.85     3.42        1    36.01
  C800             4lane_street         2.00   201.00     0.88   180.00        1   723.32
  C816             CIRCULAR             2.92     6.70     0.73     2.92        1   145.43
  C816-S           4lane_street         2.00   201.00     0.88   180.00        1  3937.44
  C830             CIRCULAR             4.42    15.34     1.10     4.42        1   164.35
  C830-S           4lane_street         2.00   201.00     0.88   180.00        1   658.78
  C834             VERT_ELLIPSE         6.25    20.31     1.22     4.00        1   227.92
  C839             CIRCULAR             7.42    43.24     1.85     7.42        1   830.23
  C839-S           4lane_street         2.00   201.00     0.88   180.00        1  1202.53
  C84              CIRCULAR             2.17     3.70     0.54     2.17        1    13.45
  C84-S            4lane_street         2.00   201.00     0.88   180.00        1  1444.12
  C86              RECT_CLOSED          9.25   223.48     3.34    24.16        1  6115.76
  C89              CIRCULAR            12.17   116.32     3.04    12.17        1  1848.64
  C89-S            4lane_street         2.00   201.00     0.88   180.00        1   662.61
  C9               CIRCULAR             6.92    37.61     1.73     6.92        1   334.75
  C94              RECT_CLOSED          6.67   106.72     2.35    16.00        1  1178.15
  
  
  **************
  Street Summary
  **************

  Street 2lane_street
  Area:  
              0.0008     0.0031     0.0071     0.0125     0.0196 
              0.0282     0.0384     0.0502     0.0635     0.0784 
              0.0949     0.1129     0.1325     0.1537     0.1765 
              0.2000     0.2235     0.2471     0.2706     0.2941 
              0.3176     0.3412     0.3647     0.3882     0.4118 
              0.4353     0.4588     0.4824     0.5059     0.5294 
              0.5529     0.5765     0.6000     0.6235     0.6471 
              0.6706     0.6941     0.7176     0.7412     0.7647 
              0.7882     0.8118     0.8353     0.8588     0.8824 
              0.9059     0.9294     0.9529     0.9765     1.0000 
  Hrad:  
              0.0120     0.0241     0.0361     0.0481     0.0602 
              0.0722     0.0843     0.0963     0.1083     0.1204 
              0.1324     0.1444     0.1565     0.1685     0.1805 
              0.2045     0.2284     0.2523     0.2761     0.2999 
              0.3237     0.3475     0.3712     0.3949     0.4185 
              0.4421     0.4657     0.4893     0.5128     0.5363 
              0.5598     0.5832     0.6067     0.6300     0.6534 
              0.6767     0.7000     0.7232     0.7465     0.7697 
              0.7928     0.8160     0.8391     0.8622     0.8852 
              0.9082     0.9312     0.9542     0.9771     1.0000 
  Width: 
              0.0667     0.1333     0.2000     0.2667     0.3333 
              0.4000     0.4667     0.5333     0.6000     0.6667 
              0.7333     0.8000     0.8667     0.9333     1.0000 
              1.0000     1.0000     1.0000     1.0000     1.0000 
              1.0000     1.0000     1.0000     1.0000     1.0000 
              1.0000     1.0000     1.0000     1.0000     1.0000 
              1.0000     1.0000     1.0000     1.0000     1.0000 
              1.0000     1.0000     1.0000     1.0000     1.0000 
              1.0000     1.0000     1.0000     1.0000     1.0000 
              1.0000     1.0000     1.0000     1.0000     1.0000 

  Street 4lane_street
  Area:  
              0.0008     0.0032     0.0072     0.0127     0.0199 
              0.0287     0.0390     0.0507     0.0627     0.0746 
              0.0866     0.0985     0.1105     0.1231     0.1363 
              0.1502     0.1647     0.1798     0.1955     0.2119 
              0.2290     0.2466     0.2650     0.2839     0.3035 
              0.3237     0.3446     0.3660     0.3882     0.4109 
              0.4343     0.4584     0.4831     0.5084     0.5343 
              0.5609     0.5881     0.6160     0.6445     0.6736 
              0.7034     0.7338     0.7649     0.7965     0.8289 
              0.8618     0.8954     0.9296     0.9645     1.0000 
  Hrad:  
              0.0224     0.0448     0.0671     0.0895     0.1119 
              0.1343     0.1567     0.1901     0.2345     0.2788 
              0.3230     0.3671     0.4109     0.4522     0.4907 
              0.5267     0.5605     0.5924     0.6224     0.6508 
              0.6778     0.7034     0.7279     0.7512     0.7736 
              0.7951     0.8157     0.8356     0.8548     0.8734 
              0.8914     0.9089     0.9258     0.9423     0.9584 
              0.9741     0.9894     1.0044     1.0191     1.0334 
              1.0475     1.0614     1.0750     1.0883     1.1015 
              1.1145     1.1273     1.1399     1.1523     1.0000 
  Width: 
              0.0444     0.0889     0.1333     0.1778     0.2222 
              0.2667     0.3111     0.3333     0.3333     0.3333 
              0.3333     0.3333     0.3422     0.3600     0.3778 
              0.3956     0.4133     0.4311     0.4489     0.4667 
              0.4844     0.5022     0.5200     0.5378     0.5556 
              0.5733     0.5911     0.6089     0.6267     0.6444 
              0.6622     0.6800     0.6978     0.7156     0.7333 
              0.7511     0.7689     0.7867     0.8044     0.8222 
              0.8400     0.8578     0.8756     0.8933     0.9111 
              0.9289     0.9467     0.9644     0.9822     1.0000 
  
  
  ****************
  Analysis Options
  ****************
  Flow Units ............... CFS
  Process Models:
    Rainfall/Runoff ........ YES
    RDII ................... NO
    Snowmelt ............... NO
    Groundwater ............ YES
    Flow Routing ........... YES
    Ponding Allowed ........ NO
    Water Quality .......... NO
  Infiltration Method ...... MODIFIED_GREEN_AMPT
  Flow Routing Method ...... DYNWAVE
  Surcharge Method ......... SLOT
  Starting Date ............ 06/27/2023 02:27:00
  Ending Date .............. 06/29/2023 13:27:00
  Antecedent Dry Days ...... 0.0
  Report Time Step ......... 00:05:00
  Wet Time Step ............ 00:01:00
  Dry Time Step ............ 00:20:00
  Routing Time Step ........ 60.00 sec
  Variable Time Step ....... YES
  Maximum Trials ........... 12
  Number of Threads ........ 1
  Head Tolerance ........... 0.005000 ft
  
  
  **************************        Volume         Depth
  Runoff Quantity Continuity     acre-feet        inches
  **************************     ---------       -------
  Initial LID Storage ......         0.663         0.002
  Total Precipitation ......       920.705         2.640
  Evaporation Loss .........         0.000         0.000
  Infiltration Loss ........       227.273         0.652
  Surface Runoff ...........       678.192         1.945
  LID Drainage .............         1.921         0.006
  Final Storage ............        15.012         0.043
  Continuity Error (%) .....        -0.112
  
  
  **************************        Volume         Depth
  Groundwater Continuity         acre-feet        inches
  **************************     ---------       -------
  Initial Storage ..........    552915.679      1585.412
  Infiltration .............       227.273         0.652
  Upper Zone ET ............         0.000         0.000
  Lower Zone ET ............         0.000         0.000
  Deep Percolation .........        39.114         0.112
  Groundwater Flow .........        10.778         0.031
  Final Storage ............    553093.060      1585.920
  Continuity Error (%) .....        -0.000
  
  
  **************************        Volume        Volume
  Flow Routing Continuity        acre-feet      10^6 gal
  **************************     ---------     ---------
  Dry Weather Inflow .......         0.000         0.000
  Wet Weather Inflow .......       679.802       221.524
  Groundwater Inflow .......        10.777         3.512
  RDII Inflow ..............         0.000         0.000
  External Inflow ..........        46.355        15.105
  External Outflow .........       734.822       239.453
  Flooding Loss ............         1.554         0.506
  Evaporation Loss .........         0.000         0.000
  Exfiltration Loss ........         0.000         0.000
  Initial Stored Volume ....         0.675         0.220
  Final Stored Volume ......         2.097         0.683
  Continuity Error (%) .....        -0.117
  
  
  *************************
  Highest Continuity Errors
  *************************
  Node J506-S (-48.96%)
  Node J232-S (-35.90%)
  Node J456-S (-29.85%)
  Node J694-S (-27.42%)
  Node J587-S (-24.26%)
  
  
  ***************************
  Time-Step Critical Elements
  ***************************
  Link C686 (68.29%)
  Link C13 (24.03%)
  Link C8 (2.46%)
  Link C834 (1.92%)
  Link C5 (1.45%)
  
  
  ********************************
  Highest Flow Instability Indexes
  ********************************
  Link C182 (92)
  Link J260-IC (91)
  Link J792-IC (84)
  Link C771 (82)
  Link C761 (82)
  
  
  *********************************
  Most Frequent Nonconverging Nodes
  *********************************
  Node J139 (0.06%)
  Node J538 (0.06%)
  Node J798 (0.06%)
  Node OF1 (0.06%)
  Node Out1 (0.06%)
  
  
  *************************
  Routing Time Step Summary
  *************************
  Minimum Time Step           :     0.50 sec
  Average Time Step           :     7.46 sec
  Maximum Time Step           :    10.43 sec
  % of Time in Steady State   :     0.00
  Average Iterations per Step :     4.40
  % of Steps Not Converging   :     0.06
  Time Step Frequencies       :
     60.000 - 23.031 sec      :     0.00 %
     23.031 -  8.841 sec      :     0.04 %
      8.841 -  3.393 sec      :    86.64 %
      3.393 -  1.303 sec      :    13.06 %
      1.303 -  0.500 sec      :     0.26 %
  
  
  ***************************
  Subcatchment Runoff Summary
  ***************************
  
  ------------------------------------------------------------------------------------------------------------------------------
                            Total      Total      Total      Total     Imperv       Perv      Total       Total     Peak  Runoff
                           Precip      Runon       Evap      Infil     Runoff     Runoff     Runoff      Runoff   Runoff   Coeff
  Subcatchment                 in         in         in         in         in         in         in    10^6 gal      CFS
  ------------------------------------------------------------------------------------------------------------------------------
  S1                         2.64       0.00       0.00       1.88       0.86       0.53       0.74        1.85    65.47   0.282
  S10                        2.64       0.00       0.00       0.45       1.79       1.71       2.16        2.55    78.40   0.817
  S11                        2.64       0.00       0.00       0.27       2.17       1.79       2.33        6.71   186.23   0.882
  S12                        2.64       0.00       0.00       0.28       2.15       1.77       2.32        7.39   203.99   0.877
  S13                        2.64       0.00       0.00       2.17       1.83       0.03       0.44        1.70    74.02   0.167
  S14                        2.64       0.00       0.00       0.36       2.02       1.73       2.24        2.57    65.47   0.847
  S15                        2.64       0.00       0.00       0.24       2.03       1.86       2.37        0.58    38.79   0.898
  S16                        2.64       0.00       0.00       0.35       2.01       1.73       2.25        7.29   192.18   0.851
  S17                        2.64       0.00       0.00       0.24       2.12       1.83       2.36        2.91   136.00   0.893
  S18                        2.64       0.00       0.00       0.64       1.43       1.62       1.98        2.79    82.99   0.749
  S19                        2.64       0.00       0.00       1.05       1.77       1.12       1.56        3.49   121.89   0.590
  S2                         2.64       0.00       0.00       2.28       1.34       0.00       0.33        0.91    50.42   0.127
  S20                        2.64       0.00       0.00       0.22       2.14       1.85       2.39        0.18     9.31   0.904
  S21                        2.64       0.00       0.00       0.17       2.10       1.80       2.41        0.31    17.87   0.914
  S22                        2.64       0.00       0.00       0.32       2.08       1.77       2.28        7.93   226.47   0.864
  S23                        2.64       0.00       0.00       0.14       2.28       1.90       2.47        0.12     8.03   0.934
  S24                        2.64       0.00       0.00       0.19       2.29       1.84       2.41        2.34    82.91   0.913
  S25                        2.64       0.00       0.00       0.19       2.26       1.85       2.41        3.22   138.17   0.913
  S26                        2.64       0.00       0.00       0.18       2.29       1.85       2.42        6.45   255.05   0.916
  S27                        2.64       0.00       0.00       0.27       2.19       1.78       2.33        7.16   181.05   0.883
  S28                        2.64       0.00       0.00       0.21       2.22       1.84       2.40        1.51    66.22   0.907
  S29                        2.64       0.00       0.00       0.17       2.27       1.87       2.44        0.18     9.26   0.923
  S3                         2.64       0.00       0.00       2.13       1.73       0.03       0.48        0.48    25.31   0.181
  S30                        2.64       0.00       0.00       0.13       2.31       1.89       2.47        0.11     7.01   0.936
  S31                        2.64       0.00       0.00       0.21       2.20       1.85       2.39        0.70    33.91   0.905
  S32                        2.64       0.00       0.00       0.24       2.16       1.82       2.36        4.41   182.27   0.895
  S33                        2.64       0.00       0.00       0.23       2.05       1.86       2.38        0.06     4.06   0.900
  S34                        2.64       0.00       0.00       0.29       2.09       1.78       2.31        3.47   108.45   0.873
  S35                        2.64       0.00       0.00       0.49       1.70       1.69       2.12        1.71    53.58   0.802
  S36                        2.64       0.00       0.00       0.21       2.25       1.81       2.38        6.37   190.01   0.902
  S37                        2.64       0.00       0.00       0.36       1.91       1.77       2.25        3.29   126.10   0.851
  S38                        2.64       0.00       0.00       0.19       2.25       1.85       2.41        3.02   140.37   0.913
  S39                        2.64       0.00       0.00       0.17       2.30       1.86       2.43        0.73    32.95   0.922
  S4                         2.64       0.00       0.00       0.54       1.48       1.70       2.07        0.68    27.30   0.785
  S40                        2.64       0.00       0.00       0.29       2.18       1.77       2.31        8.08   182.21   0.873
  S41                        2.64       0.00       0.00       0.30       2.04       1.80       2.31        1.79    73.42   0.875
  S42                        2.64       0.00       0.00       0.21       2.25       1.83       2.39        2.22    79.81   0.907
  S43                        2.64       0.00       0.00       0.26       2.16       1.80       2.34        4.25   131.28   0.887
  S44                        2.64       0.00       0.00       0.34       2.03       1.75       2.26        3.73   105.43   0.857
  S45                        2.64       0.00       0.00       2.29       0.88       0.11       0.33        0.53    29.58   0.126
  S46                        2.64       0.00       0.00       0.22       2.22       1.83       2.38        0.82    30.38   0.902
  S47                        2.64       0.00       0.00       0.31       2.10       1.79       2.27        1.36    60.68   0.861
  S48                        2.64       0.00       0.00       0.18       2.25       1.84       2.41        2.78   123.59   0.914
  S49                        2.64       0.00       0.00       0.16       2.28       1.88       2.45        0.38    20.69   0.926
  S5                         2.64       0.00       0.00       2.15       1.72       0.03       0.46        1.30    73.52   0.175
  S50                        2.64       0.00       0.00       0.20       2.22       1.85       2.40        2.91   133.38   0.910
  S51                        2.64       0.00       0.00       0.20       2.24       1.82       2.40        2.07    74.01   0.909
  S52                        2.64       0.00       0.00       2.47       0.58       0.02       0.16        0.16    10.34   0.061
  S53                        2.64       0.00       0.00       0.24       2.19       1.81       2.35        2.00    62.28   0.892
  S54                        2.64       0.00       0.00       0.31       1.99       1.80       2.30        1.77    76.62   0.869
  S55                        2.64       0.00       0.00       0.33       2.00       1.78       2.28        3.67   133.80   0.863
  S56                        2.64       0.00       0.00       1.00       0.56       1.49       1.63        0.05     1.73   0.616
  S57                        2.64       0.00       0.00       0.15       2.24       1.89       2.45        0.08     5.51   0.929
  S58                        2.64       0.00       0.00       0.23       2.18       1.81       2.37        2.86   103.08   0.896
  S59                        2.64       0.00       0.00       0.23       2.06       1.87       2.38        0.05     3.70   0.903
  S6                         2.64       0.00       0.00       0.31       2.09       1.77       2.29        5.58   164.78   0.869
  S60                        2.64       0.00       0.00       0.25       2.17       1.81       2.35        6.01   200.70   0.891
  S62                        2.64       0.00       0.00       0.27       2.12       1.79       2.33        3.13   101.13   0.881
  S63                        2.64       0.00       0.00       0.25       2.19       1.79       2.34        7.38   211.29   0.888
  S64                        2.64       0.00       0.00       0.21       2.20       1.79       2.38        2.47    79.16   0.903
  S65                        2.64       0.00       0.00       0.19       2.24       1.83       2.40        1.28    51.77   0.911
  S67                        2.64       0.00       0.00       0.90       1.75       1.27       1.70        1.68    79.30   0.644
  S69                        2.64       0.00       0.00       0.18       2.27       1.86       2.42        1.17    54.59   0.918
  S7                         2.64       0.00       0.00       1.97       1.53       0.26       0.64        3.04   132.23   0.243
  S70                        2.64       0.00       0.00       0.18       2.26       1.85       2.42        0.86    38.29   0.915
  S71                        2.64       0.00       0.00       0.15       2.28       1.89       2.45        0.09     5.40   0.930
  S72                        2.64       0.00       0.00       0.18       2.22       1.87       2.42        0.35    19.32   0.918
  S73                        2.64       0.00       0.00       0.10       1.88       1.55       2.29        0.24    14.32   0.868
  S74                        2.64       0.00       0.00       0.18       2.18       1.88       2.43        0.19    12.40   0.919
  S75                        2.64       0.00       0.00       0.24       2.24       1.83       2.35        2.24    96.59   0.889
  S77                        2.64       0.00       0.00       0.17       2.11       1.92       2.45        0.01     0.90   0.927
  S78                        2.64       0.00       0.00       0.22       2.19       1.84       2.39        1.85    81.85   0.904
  S79                        2.64       0.00       0.00       0.17       2.26       1.87       2.43        0.99    50.91   0.921
  S8                         2.64       0.00       0.00       0.28       2.16       1.79       2.32        9.26   270.89   0.878
  S80                        2.64       0.00       0.00       0.18       2.25       1.86       2.42        2.29   110.52   0.917
  S81                        2.64       0.00       0.00       0.25       2.12       1.82       2.35        2.42   104.77   0.891
  S83                        2.64       0.00       0.00       0.30       1.95       1.82       2.31        1.16    57.11   0.873
  S84                        2.64       0.00       0.00       0.23       2.16       1.83       2.37        2.07    90.35   0.897
  S85                        2.64       0.00       0.00       0.23       2.21       1.82       2.37        3.98   149.57   0.899
  S86                        2.64       0.00       0.00       0.19       2.26       1.83       2.41        3.04   119.47   0.913
  S87                        2.64       0.00       0.00       0.16       2.24       1.89       2.45        0.23    15.71   0.927
  S88                        2.64       0.00       0.00       0.17       2.18       1.82       2.42        1.09    55.41   0.916
  S89                        2.64       0.00       0.00       0.16       2.18       1.91       2.46        0.03     2.54   0.930
  S9                         2.64       0.00       0.00       0.13       2.28       1.90       2.47        0.08     5.72   0.937
  S90                        2.64       0.00       0.00       0.28       2.08       1.79       2.32        4.13   154.88   0.879
  S91                        2.64       0.00       0.00       0.28       2.15       1.79       2.31        4.15   126.35   0.877
  S92                        2.64       0.00       0.00       0.23       2.28       1.84       2.34        1.62    68.61   0.887
  S93                        2.64       0.00       0.00       1.46       2.21       0.58       1.14        1.13    70.65   0.431
  S94                        2.64       0.00       0.00       0.21       2.20       1.84       2.39        3.81   174.23   0.906
  S95                        2.64       0.00       0.00       2.09       1.86       0.08       0.50        0.70    34.51   0.189
  S96                        2.64       0.00       0.00       0.22       2.24       1.83       2.38        3.03   102.69   0.903
  S97                        2.64       0.00       0.00       0.19       2.22       1.86       2.42        0.80    41.00   0.916
  

  ***********************
  LID Performance Summary
  ***********************

  --------------------------------------------------------------------------------------------------------------------
                                         Total      Evap     Infil   Surface    Drain    Initial     Final  Continuity
                                        Inflow      Loss      Loss   Outflow   Outflow   Storage   Storage       Error
  Subcatchment      LID Control             in        in        in        in        in        in        in           %
  --------------------------------------------------------------------------------------------------------------------
  S12               GreenRoof             3.18      0.00      0.00      0.00      2.73      0.45      0.90       -0.00
  S12               GreenRoof             3.18      0.00      0.00      0.00      2.73      0.45      0.90       -0.00
  S12               BioRetention          5.86      0.00      3.32      0.00      0.00      1.80      4.34       -0.01
  S12               BioRetention          5.10      0.00      2.72      0.00      0.00      1.80      4.18       -0.01
  S12               BioRetention         12.37      0.00      9.28      0.00      0.00      1.80      4.89       -0.01
  S12               RainGarden           16.95      0.00     15.15      0.00      0.00      1.80      3.60       -0.00
  S12               RainGarden            4.74      0.00      2.94      0.00      0.00      1.80      3.60       -0.00
  S12               RainGarden            6.13      0.00      4.33      0.00      0.00      1.80      3.60       -0.00
  S12               RainGarden            6.44      0.00      4.64      0.00      0.00      1.80      3.60       -0.00
  S12               BioRetention         14.67      0.00     11.23      0.18      0.00      1.80      5.06       -0.01
  S12               RainBarrel            9.24      0.00      0.00      0.00      0.00      0.00      9.24        0.00
  S13               InfilTrench           3.10      0.00      3.10      0.00      0.00      0.00      0.00        0.00
  S13               InfilTrench          20.19      0.00     20.00      0.19      0.00      0.00      0.00       -0.00
  S13               InfilTrench           3.09      0.00      3.09      0.00      0.00      0.00      0.00        0.00
  S14               BioRetention          3.15      0.00      1.35      0.00      0.00      1.80      3.60        0.00
  S14               BioRetention          3.14      0.00      1.34      0.00      0.00      1.80      3.60       -0.00
  S14               BioRetention          3.14      0.00      1.34      0.00      0.00      1.80      3.60        0.00
  S14               InfilTrench           3.14      0.00      3.14      0.00      0.00      0.00      0.00        0.00
  S14               GreenRoof             3.14      0.00      0.00      0.00      2.69      0.45      0.90       -0.00
  S14               GreenRoof             3.14      0.00      0.00      0.00      2.69      0.45      0.90       -0.00
  S16               GreenRoof             3.14      0.00      0.00      0.00      2.69      0.45      0.90       -0.00
  S16               GreenRoof             3.14      0.00      0.00      0.00      2.69      0.45      0.90       -0.00
  S16               GreenRoof             3.13      0.00      0.00      0.00      2.68      0.45      0.90       -0.00
  S16               GreenRoof             3.15      0.00      0.00      0.00      2.70      0.45      0.90       -0.00
  S16               GreenRoof             3.14      0.00      0.00      0.00      2.69      0.45      0.90       -0.00
  S16               GreenRoof             3.14      0.00      0.00      0.00      2.69      0.45      0.90       -0.00
  S16               GreenRoof             3.14      0.00      0.00      0.00      2.69      0.45      0.90       -0.00
  S16               GreenRoof             3.14      0.00      0.00      0.00      2.69      0.45      0.90       -0.00
  S16               BioRetention          9.50      0.00      6.59      0.00      0.00      1.80      4.71       -0.01
  S16               BioRetention          9.53      0.00      6.61      0.00      0.00      1.80      4.71       -0.01
  S17               BioRetention          3.17      0.00      1.37      0.00      0.00      1.80      3.60       -0.00
  S17               BioRetention          3.17      0.00      1.37      0.00      0.00      1.80      3.60       -0.00
  S17               BioRetention          6.97      0.00      4.26      0.00      0.00      1.80      4.51       -0.01
  S17               BioRetention          6.77      0.00      4.09      0.00      0.00      1.80      4.48       -0.01
  S17               BioRetention          5.89      0.00      3.34      0.00      0.00      1.80      4.35       -0.01
  S17               BioRetention          5.85      0.00      3.31      0.00      0.00      1.80      4.34       -0.01
  S17               BioRetention          6.96      0.00      4.26      0.00      0.00      1.80      4.51       -0.01
  S21               GreenRoof             3.17      0.00      0.00      0.00      2.72      0.45      0.90       -0.00
  S21               GreenRoof             6.51      0.00      0.00      1.32      4.74      0.45      0.90       -0.00
  S22               BioRetention          8.99      0.00      6.12      0.00      0.00      1.80      4.68       -0.01
  S22               BioRetention         14.08      0.00     10.86      0.00      0.00      1.80      5.02       -0.01
  S22               BioRetention         18.54      0.00     11.93      3.33      0.00      1.80      5.07       -0.00
  S22               InfilTrench          16.45      0.00     16.45      0.00      0.00      0.00      0.00       -0.00
  S24               BioRetention          3.21      0.00      1.41      0.00      0.00      1.80      3.60       -0.00
  S26               RainGarden            7.32      0.00      5.52      0.00      0.00      1.80      3.60       -0.00
  S26               BioRetention         10.23      0.00      7.28      0.00      0.00      1.80      4.75       -0.01
  S3                GreenRoof             3.07      0.00      0.00      0.00      2.62      0.45      0.90       -0.00
  S31               BioRetention         25.16      0.00     12.73      9.19      0.00      1.80      5.05       -0.00
  S31               BioRetention         26.86      0.00     13.02     10.60      0.00      1.80      5.05       -0.00
  S32               BioRetention         20.09      0.00     12.00      4.83      0.00      1.80      5.05       -0.00
  S32               BioRetention         11.57      0.00      8.54      0.00      0.00      1.80      4.83       -0.01
  S32               GreenRoof             3.18      0.00      0.00      0.00      2.73      0.45      0.90       -0.00
  S32               GreenRoof             3.18      0.00      0.00      0.00      2.73      0.45      0.90       -0.00
  S34               BioRetention          3.23      0.00      1.43      0.00      0.00      1.80      3.60        0.00
  S34               VegSwale              3.14      0.00      0.06      3.09      0.00      0.00      0.00       -0.25
  S34               GreenRoof             3.16      0.00      0.00      0.00      2.71      0.45      0.90       -0.00
  S34               BioRetention          3.17      0.00      1.37      0.00      0.00      1.80      3.60        0.00
  S34               BioRetention          3.17      0.00      1.37      0.00      0.00      1.80      3.60       -0.00
  S36               BioRetention          3.20      0.00      1.40      0.00      0.00      1.80      3.60       -0.00
  S36               BioRetention          3.18      0.00      1.38      0.00      0.00      1.80      3.60        0.00
  S36               BioRetention          3.15      0.00      1.35      0.00      0.00      1.80      3.60        0.00
  S36               BioRetention          3.14      0.00      1.34      0.00      0.00      1.80      3.60        0.00
  S36               BioRetention          3.17      0.00      1.37      0.00      0.00      1.80      3.60        0.00
  S36               BioRetention          3.17      0.00      1.37      0.00      0.00      1.80      3.60       -0.00
  S36               BioRetention          3.13      0.00      1.33      0.00      0.00      1.80      3.60       -0.00
  S36               GreenRoof             3.20      0.00      0.00      0.00      2.75      0.45      0.90       -0.00
  S36               GreenRoof             3.20      0.00      0.00      0.00      2.75      0.45      0.90       -0.00
  S36               BioRetention         10.30      0.00      7.34      0.00      0.00      1.80      4.76       -0.01
  S36               GreenRoof             3.20      0.00      0.00      0.00      2.75      0.45      0.90       -0.00
  S37               RainBarrel            3.25      0.00      0.00      0.00      0.00      0.00      3.25        0.00
  S37               VegSwale              3.11      0.00      0.43      2.68      0.00      0.00      0.00       -0.15
  S37               RainGarden            3.11      0.00      1.31      0.00      0.00      1.80      3.60        0.00
  S37               GreenRoof             3.12      0.00      0.00      0.00      2.67      0.45      0.90       -0.00
  S38               BioRetention         16.25      0.00     11.31      1.71      0.00      1.80      5.04       -0.01
  S38               BioRetention         25.80      0.00     12.89      9.65      0.00      1.80      5.06       -0.00
  S4                RainGarden            5.78      0.00      3.98      0.00      0.00      1.80      3.60        0.00
  S4                RoofDisconnect        3.01      0.00      0.00      0.00      2.81      0.00      0.20       -0.00
  S40               GreenRoof            11.49      0.00      0.00      4.00      7.04      0.45      0.90       -0.00
  S40               VegSwale             29.22      0.00      1.13     28.10      0.00      0.00      0.00       -0.01
  S40               GreenRoof             3.18      0.00      0.00      0.00      2.73      0.45      0.90       -0.00
  S40               GreenRoof             3.20      0.00      0.00      0.00      2.75      0.45      0.90       -0.00
  S40               InfilTrench          24.96      0.00     21.59      3.37      0.00      0.00      0.00       -0.00
  S43               RainGarden            3.22      0.00      1.42      0.00      0.00      1.80      3.60       -0.00
  S45               RainGarden            2.89      0.00      1.09      0.00      0.00      1.80      3.60        0.00
  S45               RainBarrel            2.98      0.00      0.00      0.00      0.00      0.00      2.98        0.00
  S45               VegSwale              2.84      0.00      0.48      2.37      0.00      0.00      0.00       -0.46
  S45               RoofDisconnect        2.86      0.00      0.00      0.00      2.73      0.00      0.13       -0.00
  S47               BioRetention          3.17      0.00      1.37      0.00      0.00      1.80      3.60        0.00
  S47               BioRetention          3.16      0.00      1.36      0.00      0.00      1.80      3.60        0.00
  S47               BioRetention          3.17      0.00      1.37      0.00      0.00      1.80      3.60        0.00
  S47               BioRetention          3.16      0.00      1.36      0.00      0.00      1.80      3.60        0.00
  S47               InfilTrench           3.17      0.00      3.17      0.00      0.00      0.00      0.00        0.00
  S47               InfilTrench           3.17      0.00      3.17      0.00      0.00      0.00      0.00        0.00
  S47               BioRetention          3.17      0.00      1.37      0.00      0.00      1.80      3.60       -0.00
  S47               BioRetention          3.17      0.00      1.37      0.00      0.00      1.80      3.60        0.00
  S47               BioRetention          3.17      0.00      1.37      0.00      0.00      1.80      3.60        0.00
  S47               BioRetention          3.17      0.00      1.37      0.00      0.00      1.80      3.60        0.00
  S47               BioRetention         12.34      0.00      9.26      0.00      0.00      1.80      4.88       -0.01
  S47               BioRetention         15.21      0.00     11.07      0.92      0.00      1.80      5.03       -0.01
  S47               BioRetention         12.34      0.00      9.26      0.00      0.00      1.80      4.88       -0.01
  S47               BioRetention         12.29      0.00      9.22      0.00      0.00      1.80      4.88       -0.01
  S47               BioRetention         12.23      0.00      9.15      0.00      0.00      1.80      4.87       -0.01
  S47               BioRetention         15.93      0.00     11.23      1.47      0.00      1.80      5.03       -0.01
  S47               BioRetention         12.08      0.00      9.01      0.00      0.00      1.80      4.86       -0.01
  S48               GreenRoof             3.20      0.00      0.00      0.00      2.75      0.45      0.90       -0.00
  S48               RainBarrel           22.61      0.00      0.00      0.00      0.00      0.00     22.61        0.00
  S5                BioRetention          3.07      0.00      1.27      0.00      0.00      1.80      3.60        0.00
  S5                BioRetention          3.07      0.00      1.27      0.00      0.00      1.80      3.60        0.00
  S51               BioRetention          2.97      0.00      1.17      0.00      0.00      1.80      3.60        0.00
  S51               BioRetention          3.16      0.00      1.36      0.00      0.00      1.80      3.60        0.00
  S51               GreenRoof             3.20      0.00      0.00      0.00      2.75      0.45      0.90       -0.00
  S51               GreenRoof             3.20      0.00      0.00      0.00      2.75      0.45      0.90       -0.00
  S53               BioRetention          3.18      0.00      1.38      0.00      0.00      1.80      3.60        0.00
  S53               BioRetention          3.19      0.00      1.39      0.00      0.00      1.80      3.60       -0.00
  S53               BioRetention          3.19      0.00      1.39      0.00      0.00      1.80      3.60        0.00
  S58               GreenRoof             3.19      0.00      0.00      0.00      2.74      0.45      0.90       -0.00
  S6                InfilTrench          22.00      0.00     20.51      1.49      0.00      0.00      0.00       -0.00
  S60               VegSwale              3.21      0.00      0.14      3.07      0.00      0.00      0.00       -0.09
  S62               GreenRoof             3.17      0.00      0.00      0.00      2.72      0.45      0.90       -0.00
  S63               BioRetention         10.96      0.00      7.97      0.00      0.00      1.80      4.80       -0.01
  S63               BioRetention         16.35      0.00     11.61      1.46      0.00      1.80      5.08       -0.01
  S63               BioRetention         17.31      0.00     11.78      2.25      0.00      1.80      5.08       -0.00
  S63               GreenRoof             3.19      0.00      0.00      0.00      2.74      0.45      0.90       -0.00
  S64               GreenRoof             3.19      0.00      0.00      0.00      2.74      0.45      0.90       -0.00
  S64               GreenRoof             5.72      0.00      0.00      0.44      4.83      0.45      0.90       -0.00
  S64               VegSwale              3.18      0.00      0.47      2.72      0.00      0.00      0.00       -0.09
  S64               VegSwale             18.52      0.00      0.98     17.54      0.00      0.00      0.00       -0.01
  S64               GreenRoof             3.19      0.00      0.00      0.00      2.74      0.45      0.90       -0.00
  S64               GreenRoof             5.74      0.00      0.00      0.44      4.85      0.45      0.90       -0.00
  S64               GreenRoof             3.19      0.00      0.00      0.00      2.74      0.45      0.90       -0.00
  S64               InfilTrench           3.18      0.00      3.18      0.00      0.00      0.00      0.00        0.00
  S65               GreenRoof             3.20      0.00      0.00      0.00      2.75      0.45      0.90       -0.00
  S65               GreenRoof             3.20      0.00      0.00      0.00      2.75      0.45      0.90       -0.00
  S67               RainGarden            3.08      0.00      1.28      0.00      0.00      1.80      3.60        0.00
  S67               RainGarden            5.70      0.00      3.90      0.00      0.00      1.80      3.60        0.00
  S67               RainGarden            8.14      0.00      6.34      0.00      0.00      1.80      3.60       -0.00
  S67               RainGarden            6.06      0.00      4.26      0.00      0.00      1.80      3.60        0.00
  S67               RainGarden            5.01      0.00      3.21      0.00      0.00      1.80      3.60        0.00
  S73               RainBarrel           10.51      0.00      0.00      0.00      0.00      0.00     10.51        0.00
  S73               GreenRoof             3.11      0.00      0.00      0.00      2.66      0.45      0.90       -0.00
  S75               BioRetention         12.83      0.00      9.71      0.00      0.00      1.80      4.92       -0.01
  S75               BioRetention         12.27      0.00      9.19      0.00      0.00      1.80      4.88       -0.01
  S75               BioRetention          8.90      0.00      6.03      0.00      0.00      1.80      4.67       -0.01
  S75               BioRetention         11.97      0.00      8.91      0.00      0.00      1.80      4.86       -0.01
  S75               BioRetention         12.08      0.00      9.01      0.00      0.00      1.80      4.87       -0.01
  S8                GreenRoof             3.18      0.00      0.00      0.00      2.73      0.45      0.90       -0.00
  S8                PermPave              3.18      0.00      1.38      0.00      0.00      1.80      3.60       -0.00
  S8                BioRetention          8.98      0.00      6.10      0.00      0.00      1.80      4.68       -0.01
  S8                BioRetention         12.00      0.00      8.94      0.00      0.00      1.80      4.86       -0.01
  S8                BioRetention         10.64      0.00      7.66      0.00      0.00      1.80      4.78       -0.01
  S8                RoofDisconnect        5.17      0.00      0.00      0.00      4.84      0.00      0.33       -0.00
  S8                RoofDisconnect        3.65      0.00      0.00      0.00      3.51      0.00      0.14       -0.00
  S8                RainGarden            6.21      0.00      4.41      0.00      0.00      1.80      3.60       -0.00
  S8                InfilTrench          18.95      0.00     18.95      0.00      0.00      0.00      0.00       -0.00
  S85               BioRetention          3.18      0.00      1.38      0.00      0.00      1.80      3.60        0.00
  S85               BioRetention          3.18      0.00      1.38      0.00      0.00      1.80      3.60        0.00
  S85               BioRetention          3.16      0.00      1.36      0.00      0.00      1.80      3.60        0.00
  S85               InfilTrench          52.61      0.00     22.08     30.53      0.00      0.00      0.00       -0.00
  S86               GreenRoof             3.20      0.00      0.00      0.00      2.75      0.45      0.90       -0.00
  S88               GreenRoof             3.19      0.00      0.00      0.00      2.74      0.45      0.90       -0.00
  S90               GreenRoof             3.16      0.00      0.00      0.00      2.71      0.45      0.90       -0.00
  S90               GreenRoof             3.16      0.00      0.00      0.00      2.71      0.45      0.90       -0.00
  S90               VegSwale             28.26      0.00      0.83     27.42      0.00      0.00      0.00       -0.01
  S90               VegSwale             30.72      0.00      0.87     29.85      0.00      0.00      0.00       -0.01
  S90               BioRetention         10.30      0.00      7.34      0.00      0.00      1.80      4.76       -0.01
  S90               BioRetention          3.15      0.00      1.35      0.00      0.00      1.80      3.60        0.00
  S91               BioRetention          3.17      0.00      1.37      0.00      0.00      1.80      3.60        0.00
  S91               BioRetention          3.16      0.00      1.36      0.00      0.00      1.80      3.60       -0.00
  S91               BioRetention          3.17      0.00      1.37      0.00      0.00      1.80      3.60        0.00
  S91               GreenRoof             3.18      0.00      0.00      0.00      2.73      0.45      0.90       -0.00
  S91               BioRetention          7.53      0.00      4.76      0.00      0.00      1.80      4.57       -0.01
  S91               VegSwale              3.23      0.00      0.35      2.89      0.00      0.00      0.00       -0.09
  S91               VegSwale              3.17      0.00      0.38      2.79      0.00      0.00      0.00       -0.07
  S91               VegSwale              3.14      0.00      0.37      2.76      0.00      0.00      0.00       -0.07
  S91               BioRetention          9.14      0.00      6.25      0.00      0.00      1.80      4.69       -0.01
  S91               BioRetention         10.05      0.00      7.11      0.00      0.00      1.80      4.74       -0.01
  S91               BioRetention         20.69      0.00     12.26      5.16      0.00      1.80      5.08       -0.00
  S91               BioRetention         12.61      0.00      9.51      0.00      0.00      1.80      4.90       -0.01
  S91               BioRetention          9.11      0.00      6.22      0.00      0.00      1.80      4.69       -0.01
  S91               BioRetention        392.68      0.00     18.60    370.54      0.00      1.80      5.34       -0.00
  S92               BioRetention          6.72      0.00      4.04      0.00      0.00      1.80      4.48       -0.01
  S92               BioRetention         13.35      0.00     10.20      0.00      0.00      1.80      4.96       -0.01
  S95               BioRetention          3.10      0.00      1.30      0.00      0.00      1.80      3.60        0.00
  S95               BioRetention          3.10      0.00      1.30      0.00      0.00      1.80      3.60        0.00
  S95               BioRetention         12.56      0.00      9.46      0.00      0.00      1.80      4.90       -0.01
  S95               BioRetention         11.97      0.00      8.91      0.00      0.00      1.80      4.86       -0.01
  S95               BioRetention         10.81      0.00      7.83      0.00      0.00      1.80      4.79       -0.01
  
  *******************
  Groundwater Summary
  *******************
  
  -----------------------------------------------------------------------------------------------------
                                            Total    Total  Maximum  Average  Average    Final    Final
                          Total    Total    Lower  Lateral  Lateral    Upper    Water    Upper    Water
                          Infil     Evap  Seepage  Outflow  Outflow   Moist.    Table   Moist.    Table
  Subcatchment               in       in       in       in      CFS                ft                ft
  -----------------------------------------------------------------------------------------------------
  S1                       1.88     0.00     0.11     0.00     0.00     0.18    19.46     0.17    21.06
  S10                      0.45     0.00     0.11     0.00     0.00     0.18    12.89     0.17    13.67
  S11                      0.27     0.00     0.11     0.00     0.00     0.18    12.84     0.17    13.62
  S12                      0.28     0.00     0.11     0.00     0.00     0.18    10.71     0.17    11.30
  S13                      2.17     0.00     0.11     0.00     0.00     0.18     8.99     0.17     9.54
  S14                      0.36     0.00     0.11     0.00     0.00     0.17     6.39     0.17     6.68
  S15                      0.24     0.00     0.11     0.00     0.00     0.18    14.94     0.17    15.93
  S16                      0.35     0.00     0.11     0.00     0.00     0.17     6.39     0.17     6.68
  S17                      0.24     0.00     0.11     0.00     0.00     0.18    14.94     0.17    15.93
  S18                      0.64     0.00     0.11     0.00     0.00     0.17     6.46     0.17     6.76
  S19                      1.05     0.00     0.11     0.00     0.00     0.18     8.74     0.17     9.21
  S2                       2.28     0.00     0.11     0.00     0.00     0.18    17.49     0.17    18.86
  S20                      0.22     0.00     0.11     0.00     0.00     0.17     6.36     0.17     6.64
  S21                      0.17     0.00     0.11     0.00     0.00     0.17     6.35     0.17     6.63
  S22                      0.32     0.00     0.11     0.00     0.00     0.17     6.38     0.17     6.67
  S23                      0.14     0.00     0.11     0.00     0.00     0.18     8.52     0.17     8.94
  S24                      0.19     0.00     0.11     0.00     0.00     0.18     8.53     0.17     8.95
  S25                      0.19     0.00     0.11     0.00     0.00     0.17     6.35     0.17     6.63
  S26                      0.18     0.00     0.11     0.00     0.00     0.17     6.35     0.17     6.63
  S27                      0.27     0.00     0.11     0.00     0.00     0.17     6.37     0.17     6.65
  S28                      0.21     0.00     0.11     0.00     0.00     0.17     6.35     0.17     6.63
  S29                      0.17     0.00     0.11     0.00     0.00     0.17     6.34     0.17     6.62
  S3                       2.13     0.00     0.11     0.00     0.00     0.18    15.38     0.17    16.49
  S30                      0.13     0.00     0.11     0.00     0.00     0.17     6.34     0.17     6.61
  S31                      0.21     0.00     0.11     0.00     0.00     0.17     6.35     0.17     6.64
  S32                      0.24     0.00     0.11     0.00     0.00     0.18    17.02     0.17    18.25
  S33                      0.23     0.00     0.11     0.00     0.00     0.18     8.55     0.17     8.97
  S34                      0.29     0.00     0.11     0.00     0.00     0.17     6.37     0.17     6.66
  S35                      0.49     0.00     0.11     0.00     0.00     0.17     6.42     0.17     6.72
  S36                      0.21     0.00     0.11     0.00     0.00     0.18    10.70     0.17    11.28
  S37                      0.36     0.00     0.11     0.00     0.00     0.17     6.39     0.17     6.68
  S38                      0.19     0.00     0.11     0.00     0.00     0.17     6.35     0.17     6.63
  S39                      0.17     0.00     0.11     0.00     0.00     0.17     6.34     0.17     6.62
  S4                       0.54     0.00     0.11     0.00     0.00     0.18    15.02     0.17    16.02
  S40                      0.29     0.00     0.11     0.00     0.00     0.17     6.37     0.17     6.66
  S41                      0.30     0.00     0.11     0.00     0.00     0.17     6.37     0.17     6.66
  S42                      0.21     0.00     0.11     0.00     0.00     0.18     8.54     0.17     8.96
  S43                      0.26     0.00     0.11     0.00     0.00     0.18     8.55     0.17     8.97
  S44                      0.34     0.00     0.12     0.00     0.00     0.17    -0.33     0.17    -0.29
  S45                      2.29     0.00     0.11     0.00     0.00     0.17     2.39     0.17     2.61
  S46                      0.22     0.00     0.11     4.42     1.06     0.18    16.40     0.17    16.93
  S47                      0.31     0.00     0.11     0.00     0.00     0.17     4.16     0.17     4.34
  S48                      0.18     0.00     0.11     0.00     0.00     0.18    12.82     0.17    13.59
  S49                      0.16     0.00     0.11     0.00     0.00     0.17     1.89     0.17     1.98
  S5                       2.15     0.00     0.11     0.00     0.00     0.18    19.51     0.17    21.14
  S50                      0.20     0.00     0.11     1.49     1.25     0.18     8.32     0.17     8.51
  S51                      0.20     0.00     0.11     0.00     0.00     0.17     1.90     0.17     1.99
  S52                      2.47     0.00     0.11     0.00     0.00     0.17     4.67     0.17     4.99
  S53                      0.24     0.00     0.11     0.00     0.00     0.17     4.15     0.17     4.32
  S54                      0.31     0.00     0.11     0.00     0.00     0.17     6.38     0.17     6.67
  S55                      0.33     0.00     0.11     0.00     0.00     0.18    10.73     0.17    11.31
  S56                      1.00     0.00     0.11     0.00     0.00     0.17     2.10     0.17     2.23
  S57                      0.15     0.00     0.11     0.53     0.01     0.17     1.81     0.17     1.82
  S58                      0.23     0.00     0.11     0.00     0.00     0.17     1.91     0.17     2.00
  S59                      0.23     0.00     0.11     0.54     0.01     0.17     1.83     0.17     1.84
  S6                       0.31     0.00     0.11     0.00     0.00     0.18    17.04     0.17    18.27
  S60                      0.25     0.00     0.11     0.00     0.00     0.17     1.91     0.17     2.00
  S62                      0.27     0.00     0.11     0.00     0.00     0.17     1.92     0.17     2.01
  S63                      0.25     0.00     0.11     0.00     0.00     0.17     6.36     0.17     6.65
  S64                      0.21     0.00     0.11     0.00     0.00     0.17     1.90     0.17     1.99
  S65                      0.19     0.00     0.11     0.37    -0.76     0.17     1.85     0.17     1.88
  S67                      0.90     0.00     0.11     0.00     0.00     0.17     4.31     0.17     4.52
  S69                      0.18     0.00     0.11     0.00     0.00     0.17     1.90     0.17     1.98
  S7                       1.97     0.00     0.11     0.00     0.00     0.18    11.11     0.17    11.80
  S70                      0.18     0.00     0.12     0.00     0.00     0.17    -0.37     0.17    -0.34
  S71                      0.15     0.00     0.12    -0.10    -0.01     0.17    -0.36     0.17    -0.32
  S72                      0.18     0.00     0.12     0.00     0.00     0.17    -0.37     0.17    -0.34
  S73                      0.10     0.00     0.12    -0.10    -0.07     0.17    -0.37     0.17    -0.33
  S74                      0.18     0.00     0.12    -0.10    -0.04     0.17    -0.35     0.17    -0.31
  S75                      0.24     0.00     0.12     0.00     0.00     0.17    -0.36     0.17    -0.32
  S77                      0.17     0.00     0.12     0.00     0.00     0.17    -0.37     0.17    -0.34
  S78                      0.22     0.00     0.11     0.00     0.00     0.17     1.91     0.17     1.99
  S79                      0.17     0.00     0.12     0.00     0.00     0.17    -0.37     0.17    -0.34
  S8                       0.28     0.00     0.11     0.00     0.00     0.18    10.71     0.17    11.30
  S80                      0.18     0.00     0.12     0.00     0.00     0.17    -0.37     0.17    -0.34
  S81                      0.25     0.00     0.12     0.00     0.00     0.17    -0.35     0.17    -0.32
  S83                      0.30     0.00     0.12     0.00     0.00     0.17    -0.34     0.17    -0.30
  S84                      0.23     0.00     0.11     0.00     0.00     0.17     4.15     0.17     4.32
  S85                      0.23     0.00     0.11     0.00     0.00     0.17     1.91     0.17     2.00
  S86                      0.19     0.00     0.11     0.00     0.00     0.17     4.14     0.17     4.31
  S87                      0.16     0.00     0.12     0.00     0.00     0.17    -0.37     0.17    -0.34
  S88                      0.17     0.00     0.12     0.00     0.00     0.17    -0.37     0.17    -0.34
  S89                      0.16     0.00     0.12     0.00     0.00     0.17    -0.37     0.17    -0.34
  S9                       0.13     0.00     0.11     0.00     0.00     0.18    12.81     0.17    13.58
  S90                      0.28     0.00     0.11     0.00     0.00     0.17     4.16     0.17     4.34
  S91                      0.28     0.00     0.11     0.00     0.00     0.17     1.92     0.17     2.01
  S92                      0.23     0.00     0.12     0.00     0.00     0.17    -0.36     0.17    -0.32
  S93                      1.46     0.00     0.12    -0.01    -0.31     0.17    -0.06     0.17     0.05
  S94                      0.21     0.00     0.12     0.00     0.00     0.17    -0.36     0.17    -0.33
  S95                      2.09     0.00     0.11     0.00     0.00     0.17     2.34     0.17     2.55
  S96                      0.22     0.00     0.12     0.00     0.00     0.17    -0.36     0.17    -0.33
  S97                      0.19     0.00     0.12     0.00     0.00     0.17    -0.37     0.17    -0.34
  
  
  ******************
  Node Depth Summary
  ******************
  
  ---------------------------------------------------------------------------------
                                 Average  Maximum  Maximum  Time of Max    Reported
                                   Depth    Depth      HGL   Occurrence   Max Depth
  Node                 Type         Feet     Feet     Feet  days hr:min        Feet
  ---------------------------------------------------------------------------------
  J1                   JUNCTION     0.05     0.19   142.24     0  19:21        0.19
  J10                  JUNCTION     0.49     3.99     4.99     0  19:18        3.92
  J105                 JUNCTION     0.09     0.36    35.36     0  13:41        0.35
  J116                 JUNCTION     0.53     5.50    34.50     0  19:17        5.43
  J119                 JUNCTION     0.35     2.86    26.26     0  19:19        2.85
  J128                 JUNCTION     0.35     3.34     6.71     0  19:22        3.20
  J130                 JUNCTION     3.96     6.12     2.12     0  19:43        5.64
  J131                 JUNCTION     3.09     4.67     1.63     0  19:19        4.67
  J136                 JUNCTION     0.53     6.28     6.01     0  13:38        6.20
  J138                 JUNCTION     0.29     0.57     1.64     0  19:19        0.56
  J141                 JUNCTION     0.37     3.55     6.55     0  13:38        3.05
  J157                 JUNCTION     0.55     1.32     0.82     0  13:42        1.31
  J163                 JUNCTION     0.11     0.39     4.99     0  13:42        0.39
  J165                 JUNCTION     0.13     0.80    18.70     0  13:41        0.78
  J171                 JUNCTION     0.02     0.11     1.80     0  13:41        0.11
  J177                 JUNCTION     0.07     0.26    22.96     0  13:41        0.26
  J182                 JUNCTION     0.29     2.07    13.97     0  19:18        2.05
  J191                 JUNCTION     0.16     1.67     5.93     0  19:16        1.64
  J2                   JUNCTION     0.10     1.43    15.44     0  13:36        1.37
  J204                 JUNCTION     0.12     0.37     7.51     0  19:16        0.36
  J208                 JUNCTION     0.12     0.42    40.42     0  19:17        0.42
  J211                 JUNCTION     0.61     8.59    10.28     0  19:22        8.42
  J227                 JUNCTION     0.24     1.82    10.50     0  13:43        1.78
  J231                 JUNCTION     0.03     0.20    17.09     0  13:43        0.20
  J232                 JUNCTION     0.16     1.48    15.48     0  13:43        1.46
  J234                 JUNCTION     0.22     1.13     6.33     0  13:42        0.92
  J238                 JUNCTION     0.21     5.50    13.71     0  13:40        5.03
  J240                 JUNCTION     0.35     5.50    12.50     0  13:39        5.50
  J245                 JUNCTION     0.29     3.96     3.96     0  13:42        3.77
  J253                 JUNCTION     0.36     2.25    47.11     0  19:18        2.25
  J260                 JUNCTION     0.41     3.45    90.65     0  19:17        3.36
  J266                 JUNCTION     0.26     1.62    93.12     0  13:43        1.61
  J268                 JUNCTION     0.10     0.30   110.20     0  13:42        0.29
  J27                  JUNCTION     0.19     1.49    16.99     0  13:43        1.47
  J273                 JUNCTION     0.05     0.13   121.74     0  13:40        0.13
  J278                 JUNCTION     0.62     3.88    75.38     0  19:16        3.82
  J280                 JUNCTION     0.52     3.01    79.81     0  19:16        2.97
  J3                   JUNCTION     0.51     3.36     4.36     0  19:24        3.36
  J328                 JUNCTION     0.16     0.59    73.59     0  19:34        0.59
  J329                 JUNCTION     0.25     1.38    59.38     0  19:23        1.38
  J33                  JUNCTION     0.35     2.81     6.11     0  13:43        2.80
  J338                 JUNCTION     0.34     2.06    52.06     0  19:20        2.06
  J34                  JUNCTION     0.11     0.50    15.53     0  13:40        0.49
  J361                 JUNCTION     0.64     4.43    41.73     0  19:18        4.40
  J366                 JUNCTION     0.42     2.85    46.45     0  19:17        2.83
  J385                 JUNCTION     0.59     3.40    66.00     0  19:18        3.38
  J4                   JUNCTION     1.20     1.62     0.42     0  00:02        1.44
  J413                 JUNCTION     0.08     0.23   100.73     0  19:21        0.23
  J42                  JUNCTION     0.16     1.53     6.13     0  13:42        1.50
  J421                 JUNCTION     0.92     4.84    46.84     0  19:18        4.82
  J433                 JUNCTION     0.11     0.38    57.60     0  19:16        0.37
  J437                 JUNCTION     1.11     5.72    35.72     0  19:20        5.72
  J438                 JUNCTION     1.34     8.26    39.46     0  19:18        8.21
  J45                  JUNCTION     0.09     0.33    23.33     0  13:41        0.33
  J450                 JUNCTION     0.12     0.75    55.75     0  19:17        0.74
  J456                 JUNCTION     0.10     0.50    30.50     0  13:41        0.49
  J46                  JUNCTION     0.18     4.33    13.18     0  13:39        3.69
  J460                 JUNCTION     0.74    15.50    49.52     0  13:44       15.50
  J461                 JUNCTION     0.25     2.75    28.91     0  13:42        2.69
  J471                 JUNCTION     0.10     0.41    52.91     0  19:18        0.40
  J480                 JUNCTION     0.09     0.34    38.84     0  13:45        0.34
  J484                 JUNCTION     0.58     6.80    27.05     0  19:16        6.33
  J49                  JUNCTION     0.07     0.26    29.44     0  13:41        0.26
  J491                 JUNCTION     0.39     3.06    26.42     0  19:16        3.01
  J492                 JUNCTION     0.06     0.19    46.65     0  13:42        0.18
  J5                   JUNCTION     1.00     1.58     0.58     0  13:42        1.55
  J50                  JUNCTION     0.13     0.76    19.89     0  13:42        0.74
  J506                 JUNCTION     0.09     0.37    30.51     0  13:42        0.36
  J507                 JUNCTION     1.10    12.59    26.80     0  19:16       12.07
  J509                 JUNCTION     0.75     6.72    29.22     0  19:20        6.71
  J509-S               JUNCTION     0.04     0.50    20.50     0  19:18        0.49
  J511                 JUNCTION     0.88     5.81    18.04     0  19:22        5.81
  J512                 JUNCTION     1.81    13.35    26.55     0  19:16       12.79
  J534                 JUNCTION     1.44    10.50    23.90     0  13:43       10.50
  J539                 JUNCTION     0.29     1.97    17.23     0  19:25        1.97
  J541                 JUNCTION     0.12     0.53     3.24     0  19:19        0.53
  J548                 JUNCTION     0.45     4.02    22.09     0  13:36        3.63
  J556                 JUNCTION     0.55     5.01     5.13     0  13:48        5.00
  J567                 JUNCTION     0.17     1.16    86.13     0  19:16        1.15
  J568                 JUNCTION     0.11     1.44    76.44     0  13:40        1.42
  J571                 JUNCTION     0.05     0.19    78.78     0  13:36        0.19
  J576                 JUNCTION     1.11     9.12    33.22     0  19:20        9.07
  J578                 JUNCTION     1.25     9.28    32.77     0  19:20        9.23
  J586                 JUNCTION     0.11     0.78    26.71     0  19:18        0.78
  J587                 JUNCTION     0.25     2.74     5.04     0  19:17        2.62
  J592                 JUNCTION     0.22     1.51    32.99     0  19:18        1.50
  J60                  JUNCTION     0.10     0.50     4.00     0  13:44        0.50
  J609                 JUNCTION     0.12     0.56    68.64     0  13:42        0.54
  J619                 JUNCTION     0.10     0.45    87.38     0  13:41        0.44
  J62                  JUNCTION     0.23     1.78     3.51     0  13:44        1.78
  J620                 JUNCTION     0.99     6.73    71.73     0  19:17        6.58
  J624                 JUNCTION     1.81     8.52    72.92     0  19:16        8.37
  J632                 JUNCTION     0.12     0.34    36.82     0  19:20        0.34
  J637                 JUNCTION     0.59     4.30    39.81     0  19:19        4.29
  J640                 JUNCTION     0.65     7.45    37.45     0  19:19        7.45
  J65                  JUNCTION     0.09     1.30    13.53     0  13:40        1.30
  J659                 JUNCTION     0.12     0.45    38.26     0  19:21        0.44
  J672                 JUNCTION     0.31     2.49    23.49     0  19:21        2.47
  J675                 JUNCTION     1.06     6.91    11.44     0  19:23        6.89
  J686                 JUNCTION     0.10     0.46    10.46     0  13:41        0.46
  J694                 JUNCTION     0.08     2.28     6.78     0  19:21        1.94
  J695                 JUNCTION     0.34     2.70     9.20     0  19:21        2.68
  J7                   JUNCTION     0.11     0.93     2.93     0  13:41        0.92
  J71                  JUNCTION     0.38     3.25     3.75     0  19:18        3.22
  J712                 JUNCTION     0.10     0.82    35.82     0  19:19        0.75
  J714                 JUNCTION     0.10     0.38    10.38     0  19:19        0.38
  J72                  JUNCTION     0.08     0.30    26.40     0  13:40        0.29
  J722                 JUNCTION     0.06     0.21    14.89     0  13:42        0.20
  J732                 JUNCTION     0.70     2.47     1.92     0  19:18        2.45
  J733                 JUNCTION     0.08     0.41     5.96     0  13:42        0.40
  J748                 JUNCTION     0.56     7.50    12.73     0  19:22        7.48
  J749                 JUNCTION     0.50     7.63    11.02     0  19:22        7.50
  J751                 JUNCTION     0.10     0.31     3.73     0  13:42        0.31
  J756                 JUNCTION     0.12     0.37    15.28     0  19:29        0.37
  J758                 JUNCTION     1.58     2.94     1.43     0  19:18        2.91
  J760                 JUNCTION     0.20     1.45     1.86     0  13:47        1.43
  J761                 JUNCTION     0.89     9.50     9.68     0  19:21        9.50
  J762                 JUNCTION     0.03     0.16    13.86     0  13:40        0.16
  J764                 JUNCTION     2.63     3.71     1.13     0  19:18        3.69
  J765                 JUNCTION     1.16     1.59     0.44     0  00:04        1.46
  J772                 JUNCTION     0.86     5.50    21.64     0  00:55        5.50
  J775                 JUNCTION     0.11     1.40     7.40     0  13:40        1.39
  J78                  JUNCTION     0.08     0.28    18.28     0  13:41        0.28
  J782                 JUNCTION     1.12     7.63    28.63     0  19:21        7.56
  J786                 JUNCTION     0.11     1.70     2.56     0  13:37        1.61
  J787                 JUNCTION     0.11     0.37    89.90     0  19:16        0.37
  J789                 JUNCTION     0.33     2.55    24.55     0  19:21        2.53
  J792                 JUNCTION     0.18     1.56    23.46     0  19:21        1.53
  J799                 JUNCTION     3.53     4.50     0.97     0  00:01        3.58
  J8                   JUNCTION     0.22     1.10     2.10     0  19:19        1.10
  J80                  JUNCTION     0.22     2.74     3.74     0  19:18        2.71
  J801                 JUNCTION     0.43     2.09    85.59     0  19:18        2.07
  J88                  JUNCTION     0.22     1.46     4.70     0  13:41        1.45
  J90                  JUNCTION     0.13     1.66     5.93     0  13:37        1.62
  J139                 OUTFALL      5.30     5.30     0.00     0  00:00        5.30
  J538                 OUTFALL      0.29     1.97     4.67     0  19:25        1.97
  J798                 OUTFALL      4.00     4.00     0.00     0  00:00        4.00
  OF1                  OUTFALL      0.00     0.00    19.90     0  00:00        0.00
  Out1                 OUTFALL      0.09     1.43     9.73     0  13:36        1.37
  Out10                OUTFALL      0.00     0.00     5.00     0  00:00        0.00
  Out106               OUTFALL      0.09     1.41     1.70     0  13:37        1.35
  Out11                OUTFALL      0.00     0.00     9.00     0  00:00        0.00
  Out112               OUTFALL      6.93     6.93     0.00     0  00:00        6.93
  Out122               OUTFALL      3.41     3.41     0.00     0  00:00        3.41
  Out123               OUTFALL      0.13     1.66     2.98     0  13:37        1.62
  Out126               OUTFALL      3.37     5.65     2.41     0  13:45        5.65
  Out129               OUTFALL      0.23     1.82     4.80     0  13:43        1.78
  Out13                OUTFALL      0.00     0.00    13.00     0  00:00        0.00
  Out134               OUTFALL      1.75     1.75     0.00     0  00:00        1.75
  Out135               OUTFALL      2.00     2.00     0.00     0  00:00        2.00
  Out14                OUTFALL      0.00     0.00     8.50     0  00:00        0.00
  Out16                OUTFALL      0.09     0.68     0.68     0  13:40        0.68
  Out17                OUTFALL      0.00     0.00     6.50     0  00:00        0.00
  Out18                OUTFALL      0.00     0.00    16.18     0  00:00        0.00
  Out19                OUTFALL      2.13     5.01     3.01     0  19:19        5.00
  Out2                 OUTFALL      0.15     1.01     1.92     0  19:19        1.01
  Out20                OUTFALL      0.00     0.00     4.50     0  00:00        0.00
  Out21                OUTFALL      0.00     0.00     7.50     0  00:00        0.00
  Out22                OUTFALL      0.00     0.00    10.00     0  00:00        0.00
  Out23                OUTFALL      0.00     0.00    20.50     0  00:00        0.00
  Out24                OUTFALL      0.00     0.00    17.00     0  00:00        0.00
  Out25                OUTFALL      0.00     0.00     7.00     0  00:00        0.00
  Out26                OUTFALL      0.00     0.00     6.00     0  00:00        0.00
  Out28                OUTFALL      0.00     0.00     5.50     0  00:00        0.00
  Out29                OUTFALL      0.00     0.00     3.50     0  00:00        0.00
  Out3                 OUTFALL      5.00     5.00     0.00     0  00:00        5.00
  Out32                OUTFALL      0.00     0.00     5.50     0  00:00        0.00
  Out33                OUTFALL      0.00     0.00     1.00     0  00:00        0.00
  Out34                OUTFALL      0.00     0.00     9.50     0  00:00        0.00
  Out35                OUTFALL      0.00     0.00     1.50     0  00:00        0.00
  Out37                OUTFALL      0.11     1.44    68.98     0  13:40        1.42
  Out4                 OUTFALL      0.11     1.40     1.40     0  13:40        1.39
  Out47                OUTFALL      1.06     2.41     1.41     0  13:43        2.38
  Out5                 OUTFALL      0.00     0.00    87.00     0  00:00        0.00
  Out59                OUTFALL      0.37     3.04     3.94     0  19:18        3.01
  Out6                 OUTFALL      0.00     0.00     2.50     0  00:00        0.00
  Out63                OUTFALL      0.21     1.78     2.43     0  13:44        1.77
  Out64                OUTFALL      0.10     1.30     1.30     0  13:40        1.30
  Out67                OUTFALL      0.22     1.55     1.55     0  19:18        1.55
  Out68                OUTFALL      0.44     2.07     1.79     0  19:18        2.05
  Out69                OUTFALL      0.20     1.46     1.46     0  13:41        1.45
  Out7                 OUTFALL      0.00     0.00     0.50     0  00:00        0.00
  Out73                OUTFALL      0.34     2.73     2.73     0  19:21        2.68
  Out76                OUTFALL      1.04     1.86     0.86     0  19:18        1.84
  Out79                OUTFALL      1.50     1.50     0.00     0  00:00        1.50
  Out8                 OUTFALL      0.00     0.00     5.00     0  00:00        0.00
  Out86                OUTFALL      0.15     1.61     1.61     0  19:16        1.59
  Out87                OUTFALL      0.44     3.27     3.27     0  19:24        3.27
  Out9                 OUTFALL      0.00     0.00     9.50     0  00:00        0.00
  J105-S               STORAGE      0.06     0.57    42.07     0  13:40        0.57
  J10-S                STORAGE      0.01     0.49     6.49     0  19:21        0.48
  J116-S               STORAGE      0.08     0.80    35.80     0  19:16        0.80
  J119-S               STORAGE      0.02     0.33    31.83     0  19:19        0.33
  J128-S               STORAGE      0.02     0.60     5.60     0  19:23        0.59
  J130-S               STORAGE      0.08     0.76     0.76     0  19:19        0.76
  J131-S               STORAGE      0.02     0.33     4.83     0  19:19        0.33
  J136-S               STORAGE      0.08     1.35     5.35     0  13:40        1.34
  J138-S               STORAGE      0.07     0.74     5.74     0  19:18        0.73
  J141-S               STORAGE      0.05     0.58    10.58     0  13:40        0.58
  J157-S               STORAGE      0.07     0.79     5.79     0  13:42        0.79
  J163-S               STORAGE      0.06     0.49    12.49     0  13:42        0.49
  J165-S               STORAGE      0.04     0.51    25.51     0  13:41        0.50
  J171-S               STORAGE      0.03     0.37    12.87     0  13:40        0.37
  J177-S               STORAGE      0.05     0.53    27.03     0  13:40        0.52
  J182-S               STORAGE      0.06     0.67    21.67     0  19:17        0.66
  J191-S               STORAGE      0.05     0.55     9.55     0  19:15        0.55
  J1-S                 STORAGE      0.04     0.33   152.83     0  19:17        0.33
  J204-S               STORAGE      0.05     0.41    18.41     0  19:15        0.40
  J208-S               STORAGE      0.08     0.66    47.16     0  19:16        0.66
  J211-S               STORAGE      0.04     0.55     5.55     0  13:43        0.53
  J227-S               STORAGE      0.12     1.34    17.02     0  13:40        1.33
  J231-S               STORAGE      0.01     0.14    22.03     0  13:41        0.14
  J232-S               STORAGE      0.00     0.03    19.53     0  19:18        0.03
  J234-S               STORAGE      0.06     0.48    24.48     0  19:15        0.48
  J238-S               STORAGE      0.03     0.32    22.32     0  13:39        0.32
  J240-S               STORAGE      0.07     0.75    13.75     0  13:42        0.74
  J245-S               STORAGE      0.05     0.76    10.76     0  13:43        0.75
  J253-S               STORAGE      0.04     0.55    52.55     0  13:40        0.55
  J260-S               STORAGE      0.04     0.46    93.96     0  19:15        0.46
  J266-S               STORAGE      0.04     0.44   105.44     0  13:42        0.43
  J268-S               STORAGE      0.03     0.28   152.28     0  13:40        0.28
  J273-S               STORAGE      0.02     0.21   128.71     0  13:40        0.21
  J278-S               STORAGE      0.00     0.00    78.00     0  00:00        0.00
  J27-S                STORAGE      0.02     0.35    16.35     0  13:42        0.35
  J280-S               STORAGE      0.08     0.95    79.95     0  19:15        0.94
  J328-S               STORAGE      0.17     1.14    77.14     0  19:21        1.13
  J329-S               STORAGE      0.05     0.40    73.40     0  19:22        0.39
  J338-S               STORAGE      0.06     0.59    56.09     0  13:40        0.58
  J33-S                STORAGE      0.09     1.07     7.07     0  13:41        1.06
  J34-S                STORAGE      0.05     0.51    21.51     0  13:40        0.51
  J361-S               STORAGE      0.08     0.64    48.64     0  19:16        0.63
  J366-S               STORAGE      0.00     0.00    50.50     0  13:41        0.00
  J385-S               STORAGE      0.02     0.35    67.35     0  19:32        0.35
  J3-S                 STORAGE      0.05     0.49     7.49     0  19:22        0.48
  J413-S               STORAGE      0.07     0.52   104.02     0  19:17        0.51
  J421-S               STORAGE      0.06     0.58    46.08     0  19:16        0.57
  J42-S                STORAGE      0.04     0.36    28.86     0  13:40        0.36
  J433-S               STORAGE      0.05     0.51    73.01     0  19:15        0.51
  J437-S               STORAGE      0.05     0.49    36.49     0  13:44        0.49
  J438-S               STORAGE      0.03     0.44    35.94     0  19:17        0.43
  J450-S               STORAGE      0.04     0.42    63.42     0  19:16        0.41
  J456-S               STORAGE      0.03     0.50    39.50     0  13:40        0.50
  J45-S                STORAGE      0.03     0.34    24.34     0  13:40        0.33
  J460-S               STORAGE      0.05     0.40    58.40     0  19:15        0.40
  J461-S               STORAGE      0.07     0.62    38.62     0  13:42        0.61
  J46-S                STORAGE      0.06     0.49    17.99     0  13:41        0.49
  J471-S               STORAGE      0.05     0.69    59.19     0  19:17        0.67
  J480-S               STORAGE      0.08     0.70    46.20     0  13:43        0.69
  J484-S               STORAGE      0.09     0.89    31.89     0  19:16        0.89
  J491-S               STORAGE      0.07     0.82    33.82     0  19:17        0.80
  J492-S               STORAGE      0.04     0.34    60.34     0  13:41        0.33
  J49-S                STORAGE      0.04     0.38    31.38     0  13:40        0.38
  J4-S                 STORAGE      0.04     0.63     5.13     0  13:40        0.63
  J506-S               STORAGE      0.04     0.50    39.50     0  13:41        0.48
  J507-S               STORAGE      0.07     0.81    28.81     0  19:16        0.81
  J50-S                STORAGE      0.04     0.48    20.48     0  13:41        0.47
  J512-S               STORAGE      0.00     0.00    27.00     0  00:00        0.00
  J534-S               STORAGE      0.07     0.89    25.39     0  19:18        0.88
  J539-S               STORAGE      0.03     0.64    20.64     0  19:25        0.64
  J541-S               STORAGE      0.09     0.75    12.75     0  19:17        0.74
  J548-S               STORAGE      0.20     2.00    24.50     0  13:41        2.00
  J556-S               STORAGE      0.07     0.82    17.32     0  19:15        0.82
  J567-S               STORAGE      0.03     0.44    94.94     0  19:16        0.44
  J568-S               STORAGE      0.03     0.61    87.11     0  13:40        0.60
  J571-S               STORAGE      0.02     0.30   113.80     0  13:35        0.30
  J576-S               STORAGE      0.01     0.23    33.23     0  19:24        0.23
  J578-S               STORAGE      0.04     0.47    31.47     0  13:44        0.47
  J586-S               STORAGE      0.00     0.00    30.50     0  00:00        0.00
  J587-S               STORAGE      0.06     0.66     8.16     0  19:17        0.64
  J592-S               STORAGE      0.03     0.27    32.27     0  19:17        0.26
  J5-S                 STORAGE      0.06     0.71     8.21     0  13:42        0.69
  J609-S               STORAGE      0.04     0.43    96.93     0  13:42        0.42
  J60-S                STORAGE      0.10     1.01     4.56     0  13:43        1.00
  J619-S               STORAGE      0.07     0.69   102.69     0  13:41        0.68
  J620-S               STORAGE      0.08     1.59    69.59     0  19:26        1.57
  J624-S               STORAGE      0.40     3.16    72.66     0  19:20        3.15
  J62-S                STORAGE      0.09     0.84     2.84     0  13:44        0.84
  J632-S               STORAGE      0.05     0.39    48.39     0  19:17        0.38
  J637-S               STORAGE      0.06     0.66    41.16     0  19:18        0.66
  J640-S               STORAGE      0.02     0.31    38.31     0  19:23        0.31
  J659-S               STORAGE      0.10     0.75    52.25     0  19:17        0.74
  J672-S               STORAGE      0.03     0.18    21.18     0  19:18        0.18
  J675-S               STORAGE      0.11     0.87    20.87     0  19:17        0.86
  J686-S               STORAGE      0.05     0.55    15.55     0  13:40        0.55
  J694-S               STORAGE      0.00     0.04     6.54     0  13:36        0.04
  J695-S               STORAGE      0.02     0.35     8.35     0  13:40        0.35
  J712-S               STORAGE      0.04     0.46    58.96     0  13:40        0.46
  J714-S               STORAGE      0.08     0.64    11.64     0  19:16        0.63
  J71-S                STORAGE      0.10     1.04     9.54     0  19:15        1.03
  J722-S               STORAGE      0.03     0.31    21.81     0  13:41        0.30
  J72-S                STORAGE      0.04     0.40    36.90     0  13:40        0.39
  J732-S               STORAGE      0.09     0.87     3.87     0  19:16        0.86
  J733-S               STORAGE      0.08     0.74    10.74     0  13:42        0.72
  J748-S               STORAGE      0.02     0.29    11.29     0  19:23        0.25
  J749-S               STORAGE      0.06     0.66     8.66     0  13:41        0.64
  J751-S               STORAGE      0.05     0.45    13.45     0  13:42        0.44
  J756-S               STORAGE      0.10     0.65    29.15     0  19:22        0.64
  J758-S               STORAGE      0.05     0.45     7.95     0  19:16        0.45
  J760-S               STORAGE      0.03     0.31     9.81     0  13:45        0.31
  J761-S               STORAGE      0.06     0.86     1.86     0  19:23        0.85
  J762-S               STORAGE      0.04     0.36    27.36     0  13:40        0.36
  J764-S               STORAGE      0.02     0.30     2.30     0  19:17        0.29
  J765-S               STORAGE      0.01     0.25     5.25     0  13:45        0.25
  J772-S               STORAGE      0.04     0.87    22.87     0  19:25        0.87
  J782-S               STORAGE      0.03     0.27    24.27     0  19:28        0.27
  J787-S               STORAGE      0.04     0.47   114.47     0  19:15        0.47
  J789-S               STORAGE      0.05     0.42    20.42     0  19:16        0.41
  J78-S                STORAGE      0.05     0.46    23.46     0  13:40        0.45
  J792-S               STORAGE      0.11     1.29    23.29     0  19:16        1.29
  J799-S               STORAGE      0.00     0.03     0.53     0  00:01        0.00
  J7-S                 STORAGE      0.09     0.99    13.99     0  13:40        0.99
  J801-S               STORAGE      0.02     0.35    87.35     0  19:17        0.35
  J80-S                STORAGE      0.04     0.39    16.39     0  19:15        0.39
  J88-S                STORAGE      0.10     1.09     9.09     0  13:41        1.06
  J8-S                 STORAGE      0.10     0.78    10.28     0  19:17        0.77
  
  
  *******************
  Node Inflow Summary
  *******************
  
  -------------------------------------------------------------------------------------------------
                                  Maximum  Maximum                  Lateral       Total        Flow
                                  Lateral    Total  Time of Max      Inflow      Inflow     Balance
                                   Inflow   Inflow   Occurrence      Volume      Volume       Error
  Node                 Type           CFS      CFS  days hr:min    10^6 gal    10^6 gal     Percent
  -------------------------------------------------------------------------------------------------
  J1                   JUNCTION      0.00     1.14     0  19:17           0       0.133       2.194
  J10                  JUNCTION     93.30    98.44     0  19:18        3.55        3.82       0.001
  J105                 JUNCTION      0.00     2.60     0  13:40           0       0.227       0.569
  J116                 JUNCTION    177.92   187.60     0  19:16        6.77        7.56      -0.007
  J119                 JUNCTION     32.39   218.39     0  19:18       0.911        8.53       0.037
  J128                 JUNCTION     11.19  1384.22     0  19:21       0.252        64.1       0.015
  J130                 JUNCTION      0.00   263.00     0  19:20           0        12.2       0.337
  J131                 JUNCTION     35.06   259.15     0  19:19        1.11        11.7       0.650
  J136                 JUNCTION     89.50    93.44     0  13:38        2.45         4.6       0.036
  J138                 JUNCTION      1.06     4.84     0  19:18        1.51        1.73       0.313
  J141                 JUNCTION      1.25    13.49     0  13:37        1.81        1.99       0.187
  J157                 JUNCTION     62.18    68.44     0  13:42        2.41        2.84       0.061
  J163                 JUNCTION      0.00     2.04     0  13:42           0       0.214       1.342
  J165                 JUNCTION     12.01    15.68     0  13:41       0.432       0.664      -0.130
  J171                 JUNCTION      0.00     1.34     0  13:40           0       0.114       3.210
  J177                 JUNCTION      0.00     2.29     0  13:40           0       0.221       1.475
  J182                 JUNCTION     77.63    96.26     0  19:16        2.89        3.97       0.028
  J191                 JUNCTION     54.61    58.61     0  19:15        1.77        2.06       0.020
  J2                   JUNCTION     64.75    64.75     0  13:36        1.22        1.22       0.007
  J204                 JUNCTION      0.00     1.55     0  19:15           0        0.18       1.881
  J208                 JUNCTION      0.00     3.23     0  19:16           0       0.326       0.325
  J211                 JUNCTION     28.19   699.44     0  19:24       0.875        32.3       0.001
  J227                 JUNCTION     12.42    50.72     0  13:42       0.715        2.03      -0.005
  J231                 JUNCTION      0.00     0.33     0  13:41           0      0.0217       0.364
  J232                 JUNCTION     14.53    30.83     0  13:42       0.296       0.805       0.038
  J234                 JUNCTION      0.00     3.18     0  13:39           0       0.246       1.157
  J238                 JUNCTION      0.00     1.54     0  19:09           0      0.0873       2.667
  J240                 JUNCTION     31.49    38.86     0  13:42        1.21        1.68       0.000
  J245                 JUNCTION     70.67   105.41     0  13:43        1.93        3.69      -0.000
  J253                 JUNCTION     50.65   166.83     0  19:18         1.2        8.73       0.033
  J260                 JUNCTION     99.50   139.87     0  19:16        3.33        5.55       0.113
  J266                 JUNCTION     35.11    37.73     0  13:42        1.49        1.79       0.143
  J268                 JUNCTION      0.00     0.92     0  13:40           0       0.137       2.508
  J27                  JUNCTION     17.95    19.11     0  13:42       0.366       0.517      -0.019
  J273                 JUNCTION      0.00     0.60     0  13:40           0       0.141       1.133
  J278                 JUNCTION    113.99   459.69     0  19:16         3.7        19.4      -0.005
  J280                 JUNCTION    179.13   347.47     0  19:16        5.82        15.7       0.020
  J3                   JUNCTION    155.53   160.18     0  19:22        7.61        8.21      -0.009
  J328                 JUNCTION      0.00     6.00     0  13:46           0       0.671       0.518
  J329                 JUNCTION     60.46    67.96     0  19:22        3.53        4.35       0.072
  J33                  JUNCTION    169.35   178.29     0  13:43        6.72        7.41       0.024
  J338                 JUNCTION     70.99   128.51     0  19:19        2.85        7.38       0.031
  J34                  JUNCTION      0.00     2.18     0  13:40           0       0.156       2.622
  J361                 JUNCTION     41.00   243.98     0  19:17        2.06        12.1       0.024
  J366                 JUNCTION     43.41   200.69     0  19:17        1.03        9.76      -0.030
  J385                 JUNCTION     36.54   533.38     0  19:17        1.11        26.3       0.020
  J4                   JUNCTION     39.81    44.15     0  13:40       0.948        1.21       1.088
  J413                 JUNCTION      0.00     2.25     0  19:17           0       0.306       0.919
  J42                  JUNCTION      0.00     1.95     0  13:35           0       0.168       2.059
  J421                 JUNCTION    259.55   818.05     0  19:17        17.8        45.9       0.049
  J433                 JUNCTION      0.00     2.20     0  19:15           0       0.201       1.723
  J437                 JUNCTION     33.99   938.85     0  19:19        1.21        49.7       0.037
  J438                 JUNCTION    101.48   907.74     0  19:18        2.47        48.4       0.018
  J45                  JUNCTION      0.00     1.18     0  13:40           0       0.125       3.308
  J450                 JUNCTION     23.44    27.25     0  19:16       0.963        1.26      -0.126
  J456                 JUNCTION      0.00     2.13     0  13:40           0       0.106       2.674
  J46                  JUNCTION      0.00     4.86     0  13:39           0       0.196       2.516
  J460                 JUNCTION     60.86    65.76     0  19:17        1.62        1.99       0.002
  J461                 JUNCTION    130.98   177.10     0  13:41         3.6           6       0.061
  J471                 JUNCTION      0.00     3.46     0  19:17           0       0.217       1.594
  J480                 JUNCTION      0.00     3.53     0  13:43           0       0.302       0.915
  J484                 JUNCTION    114.79   530.16     0  19:16        4.55        19.9      -0.005
  J49                  JUNCTION      0.00     1.43     0  13:40           0        0.13       2.948
  J491                 JUNCTION    234.73   409.79     0  19:16        8.29        14.9      -0.013
  J492                 JUNCTION      0.00     1.19     0  13:41           0        0.15       2.324
  J5                   JUNCTION     41.87    49.26     0  13:42        1.28        1.78       0.472
  J50                  JUNCTION     14.49    17.94     0  13:41       0.562        0.83       0.138
  J506                 JUNCTION      0.00     2.10     0  13:41           0       0.159       3.050
  J507                 JUNCTION    155.96   718.39     0  19:17        5.43        25.7       0.052
  J509                 JUNCTION    262.32  1191.82     0  19:19        7.93        57.6       0.025
  J509-S               JUNCTION   -242.64   242.54     0  19:18       -7.24        6.77      -8.051
  J511                 JUNCTION      0.00   916.93     0  19:22           0        40.1      -0.076
  J512                 JUNCTION    116.97   834.78     0  19:17        4.07        29.7       0.026
  J534                 JUNCTION    238.85  1078.92     0  19:17        10.5        40.6       0.015
  J539                 JUNCTION     41.20   123.05     0  19:25       0.764        6.82      -0.002
  J541                 JUNCTION      0.00     3.88     0  19:17           0        0.31       0.905
  J548                 JUNCTION      0.00     9.49     0  13:34           0       0.544       0.694
  J556                 JUNCTION    140.41  1057.91     0  19:18         5.2        45.9      -0.004
  J567                 JUNCTION     45.59    49.28     0  19:16        1.34        1.63       0.084
  J568                 JUNCTION    124.19   173.68     0  13:40        2.65        4.48      -0.018
  J571                 JUNCTION      0.00     0.99     0  13:35           0       0.115       4.265
  J576                 JUNCTION     10.81   373.25     0  19:20       0.198        17.2       0.026
  J578                 JUNCTION     79.14   448.06     0  19:20        2.56        20.3       0.015
  J586                 JUNCTION     25.87    63.40     0  19:18       0.997        2.74      -0.057
  J587                 JUNCTION      0.00     9.22     0  13:38           0       0.249       1.677
  J592                 JUNCTION     39.98    41.38     0  19:17        1.54        1.82      -0.027
  J60                  JUNCTION      0.00     2.48     0  13:43           0        0.12      -9.893
  J609                 JUNCTION      1.70     6.83     0  13:41      0.0767       0.457       0.359
  J619                 JUNCTION      0.00     3.45     0  13:41           0       0.261       1.223
  J62                  JUNCTION     53.62    56.09     0  13:43        2.16         2.3       0.016
  J620                 JUNCTION     51.55   509.38     0  19:17        5.09        25.3       0.006
  J624                 JUNCTION      0.00   459.43     0  19:16           0        20.2       0.095
  J632                 JUNCTION      0.00     1.46     0  19:17           0       0.224       1.225
  J637                 JUNCTION    103.91   350.47     0  19:18        4.14        16.5      -0.005
  J640                 JUNCTION     14.70   364.54     0  19:19       0.434          17      -0.001
  J65                  JUNCTION     79.30    79.30     0  13:40        1.68        1.68       0.005
  J659                 JUNCTION      0.00     3.88     0  19:17           0       0.384       1.155
  J672                 JUNCTION    183.68  1335.87     0  19:21        6.83        62.2       0.015
  J675                 JUNCTION      0.00   921.58     0  19:20           0        40.5       0.173
  J686                 JUNCTION      0.00     2.47     0  13:40           0        0.16       2.117
  J694                 JUNCTION      0.00     4.17     0  13:45           0      0.0228      -1.645
  J695                 JUNCTION     94.08  1384.50     0  19:21        2.14        63.9       0.020
  J7                   JUNCTION     19.27    26.53     0  13:40       0.901        1.27       0.039
  J71                  JUNCTION     10.95    19.23     0  13:45       0.586       0.983       0.016
  J712                 JUNCTION      0.00     2.13     0  19:17           0       0.156       2.319
  J714                 JUNCTION      0.00     3.05     0  19:16           0       0.298       1.180
  J72                  JUNCTION      0.00     1.49     0  13:40           0       0.133       3.235
  J722                 JUNCTION      0.00     1.02     0  13:41           0       0.106       3.131
  J732                 JUNCTION     71.76    79.55     0  19:16         3.2        3.77       0.205
  J733                 JUNCTION      0.00     3.84     0  13:42           0       0.236       1.470
  J748                 JUNCTION     65.47   672.70     0  19:22        1.11        28.4       0.031
  J749                 JUNCTION     64.77   723.21     0  13:48        1.97        31.4      -0.003
  J751                 JUNCTION      0.00     1.79     0  13:42           0       0.229       0.736
  J756                 JUNCTION      0.00     3.15     0  19:22           0       0.435       0.454
  J758                 JUNCTION     21.09    24.67     0  19:16       0.945        1.35       0.997
  J760                 JUNCTION     14.93    16.94     0  13:44       0.487       0.649       0.080
  J761                 JUNCTION    126.80   818.53     0  19:23         3.6        35.8       0.011
  J762                 JUNCTION      0.00     1.33     0  13:40           0       0.123       2.301
  J764                 JUNCTION     12.43    37.58     0  19:17       0.328        1.79       1.643
  J765                 JUNCTION     12.66    29.72     0  13:45       0.242       0.979       1.939
  J772                 JUNCTION    109.43   120.29     0  19:24        6.65        7.29      -0.001
  J775                 JUNCTION     81.85    81.85     0  13:40        1.85        1.85       0.006
  J78                  JUNCTION      0.00     1.87     0  13:40           0       0.182       2.322
  J782                 JUNCTION      0.00  1171.49     0  19:20           0        55.5       0.078
  J786                 JUNCTION     19.32    19.32     0  13:36       0.345       0.345       0.013
  J787                 JUNCTION      0.00     1.95     0  19:15           0       0.193       1.592
  J789                 JUNCTION    139.33   631.64     0  19:20        5.29        28.2      -0.009
  J792                 JUNCTION      0.00     2.94     0  13:43           0       0.146       1.379
  J799                 JUNCTION     36.56    84.30     0  00:00       0.897        2.73       0.782
  J8                   JUNCTION      8.53    16.45     0  19:18        0.52         1.1       0.062
  J80                  JUNCTION      0.00     5.19     0  00:49           0       0.117       1.898
  J801                 JUNCTION     34.77   173.46     0  19:17        4.04        9.64       0.045
  J88                  JUNCTION     50.39    58.26     0  13:41        2.33        2.78       0.006
  J90                  JUNCTION     55.41    55.41     0  13:37        1.09        1.09       0.009
  J139                 OUTFALL       0.00    90.25     0  13:40           0        4.58       0.000
  J538                 OUTFALL       0.00   123.05     0  19:25           0        6.82       0.000
  J798                 OUTFALL      14.31    84.30     0  00:00       0.227        2.97       0.000
  OF1                  OUTFALL       0.00     0.00     0  00:00           0           0       0.000 gal
  Out1                 OUTFALL       0.00    64.74     0  13:36           0        1.22       0.000
  Out10                OUTFALL       0.00    31.45     0  13:42           0       0.409       0.000
  Out106               OUTFALL       0.00    19.16     0  13:37           0       0.345       0.000
  Out11                OUTFALL       0.00    78.72     0  19:15           0        1.56       0.000
  Out112               OUTFALL       0.00    68.44     0  13:42           0        2.87       0.000
  Out122               OUTFALL       0.00   178.26     0  13:43           0        7.41       0.000
  Out123               OUTFALL       0.00    55.29     0  13:37           0        1.09       0.000
  Out126               OUTFALL      12.40   721.55     0  19:23       0.177        35.2       0.000
  Out129               OUTFALL       0.00    50.64     0  13:43           0        2.03       0.000
  Out13                OUTFALL       0.00    69.02     0  13:40           0        1.03       0.000
  Out134               OUTFALL       0.00    49.24     0  13:42           0        1.91       0.000
  Out135               OUTFALL       0.00    30.26     0  13:46           0        1.02       0.000
  Out14                OUTFALL       0.00    89.61     0  13:41           0        1.28       0.000
  Out16                OUTFALL       0.00    26.49     0  13:40           0        1.27       0.000
  Out17                OUTFALL       0.00    85.97     0  13:41           0        1.08       0.000
  Out18                OUTFALL       0.00   152.62     0  13:40           0        2.65       0.000
  Out19                OUTFALL       0.00  1057.41     0  19:19           0        45.9       0.000
  Out2                 OUTFALL       0.00    16.42     0  19:19           0         1.1       0.000
  Out20                OUTFALL       0.00     9.56     0  13:40           0      0.0601       0.000
  Out21                OUTFALL       0.00    18.77     0  13:42           0        0.17       0.000
  Out22                OUTFALL       0.00    27.06     0  13:43           0       0.249       0.000
  Out23                OUTFALL       0.00    10.77     0  19:25           0       0.123       0.000
  Out24                OUTFALL       0.00    36.71     0  19:15           0       0.379       0.000
  Out25                OUTFALL       0.00     0.00     0  00:00           0           0       0.000 gal
  Out26                OUTFALL       0.00     0.00     0  00:00           0           0       0.000 gal
  Out28                OUTFALL       0.00     6.00     0  19:23           0      0.0313       0.000
  Out29                OUTFALL       0.00    44.97     0  19:16           0       0.683       0.000
  Out3                 OUTFALL       0.00   262.98     0  19:20           0        12.3       0.000
  Out32                OUTFALL       0.00     0.00     0  00:00           0           0       0.000 gal
  Out33                OUTFALL       0.00     0.00     0  00:00           0           0       0.000 gal
  Out34                OUTFALL       0.00     2.48     0  19:15           0       0.015       0.000
  Out35                OUTFALL       0.00    43.63     0  19:23           0       0.327       0.000
  Out37                OUTFALL       0.00   173.39     0  13:40           0        4.48       0.000
  Out4                 OUTFALL       0.00    81.78     0  13:40           0        1.85       0.000
  Out47                OUTFALL      70.44   167.83     0  13:41        1.12        4.82       0.000
  Out5                 OUTFALL       0.00     6.88     0  13:40           0      0.0311       0.000
  Out59                OUTFALL       0.00    98.47     0  19:18           0         3.8       0.000
  Out6                 OUTFALL       0.00    40.15     0  13:44           0        0.67       0.000
  Out63                OUTFALL       0.00    52.81     0  13:44           0        2.21       0.000
  Out64                OUTFALL       0.00    79.09     0  13:40           0        1.68       0.000
  Out67                OUTFALL       0.00    18.23     0  19:18           0       0.971       0.000
  Out68                OUTFALL       0.00    95.66     0  19:18           0        3.97       0.000
  Out69                OUTFALL       0.00    58.26     0  13:41           0        2.78       0.000
  Out7                 OUTFALL       0.00    27.08     0  19:19           0       0.376       0.000
  Out73                OUTFALL       0.00  1373.01     0  19:21           0          64       0.000
  Out76                OUTFALL       0.00    79.03     0  19:18           0        3.78       0.000
  Out79                OUTFALL       0.00    44.22     0  13:40           0        1.24       0.000
  Out8                 OUTFALL       0.00    40.99     0  13:40           0       0.214       0.000
  Out86                OUTFALL       0.00    58.01     0  19:16           0        2.06       0.000
  Out87                OUTFALL       0.00   158.19     0  19:24           0        8.21       0.000
  Out9                 OUTFALL       0.00    29.14     0  19:17           0        0.57       0.000
  J105-S               STORAGE     123.59   123.59     0  13:40        2.77        2.77      -3.085
  J10-S                STORAGE       0.00     2.71     0  19:17           0      0.0187      -0.566
  J116-S               STORAGE    -177.92   278.09     0  13:42       -6.77        8.77      -0.537
  J119-S               STORAGE     -32.39    83.33     0  19:17      -0.911        1.81      -0.680
  J128-S               STORAGE       0.00     6.00     0  19:20           0       0.041      -0.041
  J130-S               STORAGE       0.00    31.11     0  19:19           0       0.534      -8.907
  J131-S               STORAGE     -15.00    47.17     0  19:19        -0.3       0.884      -1.624
  J136-S               STORAGE     -89.50   130.72     0  13:40       -2.45         2.8      -0.348
  J138-S               STORAGE      19.62    19.62     0  13:38       0.163        0.25     -16.923
  J141-S               STORAGE     133.38   133.38     0  13:40        2.91        2.91      -2.021
  J157-S               STORAGE     -62.18    97.86     0  13:42       -2.41           3      -0.643
  J163-S               STORAGE     101.13   101.13     0  13:41        3.13        3.13      -2.451
  J165-S               STORAGE     -12.01    87.55     0  13:40      -0.432        1.99      -0.666
  J171-S               STORAGE      54.59    54.59     0  13:40        1.16        1.16      -4.054
  J177-S               STORAGE     119.47   119.47     0  13:40        3.03        3.03      -2.723
  J182-S               STORAGE     -77.63   186.23     0  13:41       -2.89        4.37      -1.210
  J191-S               STORAGE     -54.61    59.57     0  19:15       -1.77        1.89      -0.575
  J1-S                 STORAGE      65.47    65.47     0  19:15        1.85        1.85      -2.981
  J204-S               STORAGE      62.28    62.28     0  19:15           2           2      -3.344
  J208-S               STORAGE     190.01   190.01     0  19:15        6.37        6.37      -1.396
  J211-S               STORAGE     -28.19   114.80     0  13:41      -0.875         2.6      -0.956
  J227-S               STORAGE     -12.42   171.71     0  13:40      -0.715        3.71      -0.345
  J231-S               STORAGE       2.54     2.54     0  13:35      0.0319      0.0319      -7.615
  J232-S               STORAGE      -0.25     0.54     0  13:41    -0.00376      0.0128     -26.416
  J234-S               STORAGE     126.35   126.35     0  19:15        4.15        4.15      -2.271
  J238-S               STORAGE      41.00    41.00     0  13:37       0.798       0.798      -4.660
  J240-S               STORAGE     -28.30   137.89     0  13:40       -1.18        3.65      -0.500
  J245-S               STORAGE     -70.67   101.76     0  13:43       -1.93         2.3      -0.177
  J253-S               STORAGE     -72.57    74.43     0  13:40       -1.74        1.85      -2.952
  J260-S               STORAGE     -78.45   142.49     0  19:15       -2.65        4.01      -2.093
  J266-S               STORAGE      45.74    81.09     0  13:40        1.05         1.9      -3.198
  J268-S               STORAGE      50.42    50.42     0  13:35       0.906       0.906      -7.702
  J273-S               STORAGE      25.31    25.31     0  13:35       0.483       0.483     -15.848
  J278-S               STORAGE       0.00     0.00     0  00:00           0           0       0.000 gal
  J27-S                STORAGE     -32.31    33.46     0  13:40      -0.658       0.675      -1.773
  J280-S               STORAGE     -32.35    27.67     0  19:17      -0.263       0.631     -12.107
  J328-S               STORAGE     164.78   164.78     0  19:15        5.58        5.58      -1.459
  J329-S               STORAGE     -56.47   115.55     0  19:21       -2.95        5.12      -0.324
  J338-S               STORAGE      66.85    81.27     0  13:40      0.0579        2.78      -1.888
  J33-S                STORAGE    -169.35   261.10     0  13:41       -6.72        8.04      -0.484
  J34-S                STORAGE     174.23   174.23     0  13:40        3.81        3.81      -1.457
  J361-S               STORAGE     151.82   151.82     0  19:15        5.23        5.23      -1.713
  J366-S               STORAGE       0.00     0.28     0  13:40           0    0.000336     -46.216
  J385-S               STORAGE       0.00    59.33     0  19:27           0       0.555      -0.065
  J3-S                 STORAGE    -155.53   157.59     0  19:22       -7.61        7.76      -0.185
  J413-S               STORAGE     186.23   186.23     0  19:15        6.71        6.71      -1.641
  J421-S               STORAGE    -164.83   266.93     0  19:17       -6.55        9.53      -0.680
  J42-S                STORAGE     154.88   154.88     0  13:40        4.13        4.13      -1.837
  J433-S               STORAGE     121.89   121.89     0  19:15        3.49        3.49      -2.108
  J437-S               STORAGE     -18.71   136.38     0  13:40      -0.806        2.93      -0.674
  J438-S               STORAGE    -117.23   117.40     0  19:16       -2.87         2.9      -0.520
  J450-S               STORAGE     -23.44   117.41     0  19:15      -0.963        3.36      -0.604
  J456-S               STORAGE      19.71    19.71     0  13:35      0.0627       0.143     -22.987
  J45-S                STORAGE      34.51    34.51     0  13:40       0.694       0.694      -8.513
  J460-S               STORAGE      82.99    82.99     0  19:15        2.79        2.79      -1.708
  J461-S               STORAGE      58.20   128.33     0  13:40        1.08         3.8      -1.333
  J46-S                STORAGE     102.69   102.69     0  13:41        3.03        3.03      -2.142
  J471-S               STORAGE      39.88    39.88     0  13:35       0.132       0.383     -18.185
  J480-S               STORAGE     255.05   255.05     0  13:40        6.45        6.45      -1.527
  J484-S               STORAGE      54.47   127.03     0  13:40        0.65        2.99      -1.956
  J491-S               STORAGE    -312.98   317.49     0  19:16       -11.1        11.2      -0.115
  J492-S               STORAGE      79.81    79.81     0  13:40        2.22        2.22      -3.016
  J49-S                STORAGE      73.42    73.42     0  13:40        1.79        1.79      -2.854
  J4-S                 STORAGE     -39.81    52.42     0  13:40      -0.948         1.1      -0.727
  J506-S               STORAGE      12.39    12.39     0  13:35      0.0923       0.136     -32.867
  J507-S               STORAGE     -95.09    98.43     0  19:16       -2.33        2.61      -2.703
  J50-S                STORAGE      46.69   115.27     0  13:40         0.8        2.53      -1.938
  J512-S               STORAGE       0.00     0.00     0  00:00           0           0       0.000 gal
  J534-S               STORAGE    -153.11   220.04     0  13:43       -3.49        6.44      -0.827
  J539-S               STORAGE     -41.20    55.07     0  19:25      -0.764       0.949      -0.017
  J541-S               STORAGE      68.61    68.61     0  13:40        1.62        1.62      -3.131
  J548-S               STORAGE     142.59   320.64     0  19:43        2.03        2.37      -3.184
  J556-S               STORAGE     -77.32   102.91     0  19:17       -2.78        3.36      -1.144
  J567-S               STORAGE     -45.59   127.80     0  19:15       -1.34        2.93      -0.899
  J568-S               STORAGE    -124.19   133.89     0  13:40       -2.65        2.76      -0.550
  J571-S               STORAGE      73.52    73.52     0  13:35        1.29        1.29      -4.668
  J576-S               STORAGE     -10.81    12.58     0  19:23      -0.198       0.229      -2.300
  J578-S               STORAGE     -79.14   165.52     0  13:42       -2.56        4.13      -0.074
  J586-S               STORAGE       0.00     0.00     0  00:00           0           0       0.000 gal
  J587-S               STORAGE      22.93    22.93     0  13:40       0.174       0.296     -19.523
  J592-S               STORAGE     -64.59    64.54     0  19:17       -2.48        2.52      -0.617
  J5-S                 STORAGE     -41.87    64.23     0  13:42       -1.28        1.57      -0.266
  J609-S               STORAGE      -1.70   172.77     0  13:41     -0.0767        4.24      -0.713
  J60-S                STORAGE      56.07    56.07     0  13:40       0.702       0.823      -0.160
  J619-S               STORAGE     182.27   182.27     0  13:40        4.41        4.41      -1.957
  J620-S               STORAGE     -36.54   124.01     0  19:20       -1.11        1.75       0.049
  J624-S               STORAGE     154.01   240.11     0  19:11        2.29        3.31      -2.024
  J62-S                STORAGE       0.00    40.19     0  13:44           0        0.69      -0.002
  J632-S               STORAGE      65.47    65.47     0  19:15        2.57        2.57      -3.346
  J637-S               STORAGE    -103.91   143.64     0  19:16       -4.14           5      -0.756
  J640-S               STORAGE     -14.70    31.99     0  19:18      -0.434       0.709      -1.335
  J659-S               STORAGE     226.47   226.47     0  19:15        7.92        7.92      -1.279
  J672-S               STORAGE     -16.93    26.60     0  19:16          -1         1.2       0.043
  J675-S               STORAGE     133.80   133.80     0  13:40        3.67        3.67      -1.619
  J686-S               STORAGE     110.52   110.52     0  13:39        2.29        2.29      -2.357
  J694-S               STORAGE       0.86     0.86     0  13:32     0.00586     0.00722     -21.518
  J695-S               STORAGE    -104.94   106.44     0  13:40       -2.39        2.43      -4.602
  J712-S               STORAGE     140.37   140.37     0  13:40        3.02        3.02      -2.075
  J714-S               STORAGE     131.28   131.28     0  19:15        4.25        4.25      -2.024
  J71-S                STORAGE     -10.95    95.85     0  19:15      -0.586        2.42      -0.174
  J722-S               STORAGE      38.29    38.29     0  13:40       0.859       0.859      -5.407
  J72-S                STORAGE      90.35    90.35     0  13:40        2.07        2.07      -2.619
  J732-S               STORAGE     -69.68   119.45     0  19:16       -3.12        4.04      -0.327
  J733-S               STORAGE      76.62    76.62     0  13:40        1.77        1.77      -2.448
  J748-S               STORAGE     -52.22    60.99     0  19:22       -0.69       0.797     -12.610
  J749-S               STORAGE      21.80   119.72     0  13:41       0.102        2.76      -2.815
  J751-S               STORAGE      79.16    79.16     0  13:41        2.47        2.47      -3.151
  J756-S               STORAGE     182.21   182.21     0  19:15        8.08        8.08      -1.380
  J758-S               STORAGE     -21.09    76.63     0  13:42      -0.945        2.32      -2.094
  J760-S               STORAGE     -14.93    34.87     0  13:41      -0.487       0.802      -1.293
  J761-S               STORAGE     -61.71    88.05     0  13:43       -1.96        2.33      -2.187
  J762-S               STORAGE      96.59    96.59     0  13:40        2.24        2.24      -2.142
  J764-S               STORAGE     -48.98    50.27     0  19:16       -1.22        1.27      -0.853
  J765-S               STORAGE     -12.66    13.43     0  13:45      -0.242       0.267      -1.233
  J772-S               STORAGE       0.00    60.47     0  19:20           0        1.13       1.063
  J782-S               STORAGE       1.73     7.73     0  19:15      0.0521       0.277      -1.707
  J787-S               STORAGE     132.23   132.23     0  19:15        3.04        3.04      -2.714
  J789-S               STORAGE     -52.03    83.07     0  13:44       -1.82        2.79       0.038
  J78-S                STORAGE     149.57   149.57     0  13:40        3.98        3.98      -1.745
  J792-S               STORAGE      42.61    63.37     0  13:37        0.18       0.503      -9.257
  J799-S               STORAGE       0.00     1.74     0  00:01           0    0.000197      -9.977
  J7-S                 STORAGE     -19.27    94.53     0  13:40      -0.901        2.17      -0.522
  J801-S               STORAGE     -31.57    63.00     0  19:16      -0.782        1.28      -1.365
  J80-S                STORAGE      57.11    97.63     0  19:15        1.16        2.49      -1.368
  J88-S                STORAGE     -50.39   146.23     0  13:40       -2.33        3.86      -0.355
  J8-S                 STORAGE      -8.53    41.79     0  19:17       -0.52        1.36      -0.380
  
  
  **********************
  Node Surcharge Summary
  **********************
  
  Surcharging occurs when water rises above the top of the highest conduit.
  ---------------------------------------------------------------------
                                               Max. Height   Min. Depth
                                   Hours       Above Crown    Below Rim
  Node                 Type      Surcharged           Feet         Feet
  ---------------------------------------------------------------------
  J10                  JUNCTION        0.45          0.567        0.013
  J116                 JUNCTION        0.30          0.910        0.000
  J136                 JUNCTION        0.65          3.361        0.000
  J141                 JUNCTION        0.04          0.626        1.454
  J211                 JUNCTION        0.18          1.336        0.414
  J238                 JUNCTION        0.51          4.580        0.000
  J240                 JUNCTION        0.52          3.580        0.000
  J245                 JUNCTION        0.38          1.039        1.041
  J46                  JUNCTION        0.39          2.412        0.668
  J460                 JUNCTION        0.49          6.580        0.000
  J507                 JUNCTION        0.43          2.666        0.414
  J512                 JUNCTION        0.50          3.430        0.150
  J534                 JUNCTION        0.41          1.080        0.000
  J548                 JUNCTION        1.80          1.348        0.982
  J624                 JUNCTION        0.25          0.602        3.478
  J640                 JUNCTION        0.12          1.033        1.547
  J694                 JUNCTION        0.04          0.106        7.724
  J71                  JUNCTION        0.23          0.172        1.748
  J748                 JUNCTION        0.14          1.180        0.000
  J749                 JUNCTION        0.35          2.039        1.371
  J761                 JUNCTION        0.52          2.250        0.000
  J772                 JUNCTION        1.96          2.080        0.000
  
  
  *********************
  Node Flooding Summary
  *********************
  
  Flooding refers to all water that overflows a node, whether it ponds or not.
  --------------------------------------------------------------------------
                                                             Total   Maximum
                                 Maximum   Time of Max       Flood    Ponded
                        Hours       Rate    Occurrence      Volume     Depth
  Node                 Flooded       CFS   days hr:min    10^6 gal      Feet
  --------------------------------------------------------------------------
  J116                    0.02      3.24      0  19:17       0.001     0.500
  J238                    0.01      0.81      0  19:09       0.000     0.500
  J240                    0.32      8.03      0  13:43       0.037     0.500
  J460                    0.18     16.84      0  19:17       0.053     0.500
  J534                    0.22    161.97      0  19:17       0.507     0.500
  J748                    0.04     60.16      0  19:22       0.042     0.500
  J761                    0.10     92.25      0  19:23       0.156     0.500
  J772                    1.65     41.53      0  19:24       1.294     0.500
  J548-S                  0.41     76.13      0  19:15       0.506     0.000
  
  
  **********************
  Storage Volume Summary
  **********************
  
  ------------------------------------------------------------------------------------------------
                         Average    Avg   Evap  Exfil     Maximum    Max    Time of Max    Maximum
                          Volume   Pcnt   Pcnt   Pcnt      Volume   Pcnt     Occurrence    Outflow
  Storage Unit          1000 ft�   Full   Loss   Loss    1000 ft�   Full    days hr:min        CFS
  ------------------------------------------------------------------------------------------------
  J105-S                   0.070    0.8    0.0    0.0       0.750    8.2       0  13:40     118.77
  J10-S                    0.015    0.2    0.0    0.0       0.627    6.9       0  19:21       2.06
  J116-S                   0.101    1.1    0.0    0.0       1.300   14.3       0  19:16     265.56
  J119-S                   0.030    0.3    0.0    0.0       0.420    4.6       0  19:19      80.71
  J128-S                   0.031    0.7    0.0    0.0       0.767   16.4       0  19:23       6.00
  J130-S                   0.101    1.1    0.0    0.0       1.185   13.0       0  19:19      31.09
  J131-S                   0.029    0.3    0.0    0.0       0.427    4.7       0  19:19      47.09
  J136-S                   0.111    1.6    0.0    0.0       2.020   29.7       0  13:40     130.49
  J138-S                   0.087    1.4    0.0    0.0       0.978   16.0       0  19:18       6.67
  J141-S                   0.068    0.7    0.0    0.0       0.770    8.4       0  13:40     130.48
  J157-S                   0.096    2.2    0.0    0.0       1.083   24.3       0  13:42      97.85
  J163-S                   0.072    0.8    0.0    0.0       0.625    6.9       0  13:42      99.90
  J165-S                   0.057    0.6    0.0    0.0       0.653    7.2       0  13:41      85.37
  J171-S                   0.042    0.5    0.0    0.0       0.468    5.1       0  13:40      53.75
  J177-S                   0.069    0.8    0.0    0.0       0.677    7.4       0  13:40     117.67
  J182-S                   0.079    0.9    0.0    0.0       0.951   10.4       0  19:17     142.32
  J191-S                   0.060    0.7    0.0    0.0       0.719    7.9       0  19:15      59.57
  J1-S                     0.045    0.5    0.0    0.0       0.421    4.6       0  19:17      58.95
  J204-S                   0.062    0.7    0.0    0.0       0.519    5.7       0  19:15      61.12
  J208-S                   0.105    1.2    0.0    0.0       0.925   10.1       0  19:16     184.80
  J211-S                   0.053    0.6    0.0    0.0       0.694    7.2       0  13:43     112.66
  J227-S                   0.214    2.3    0.0    0.0       3.750   41.2       0  13:40     171.04
  J231-S                   0.014    0.2    0.0    0.0       0.177    1.9       0  13:41       0.88
  J232-S                   0.001    0.0    0.0    0.0       0.035    0.9       0  19:18       0.47
  J234-S                   0.075    0.8    0.0    0.0       0.618    6.8       0  19:15     124.20
  J238-S                   0.033    0.4    0.0    0.0       0.409    4.5       0  13:39      40.06
  J240-S                   0.090    2.0    0.0    0.0       0.981   21.5       0  13:42     129.77
  J245-S                   0.073    0.8    0.0    0.0       1.185   13.0       0  13:43     101.74
  J253-S                   0.046    0.5    0.0    0.0       0.721    7.9       0  13:40      75.27
  J260-S                   0.049    0.5    0.0    0.0       0.592    6.5       0  19:15     142.88
  J266-S                   0.056    0.6    0.0    0.0       0.559    6.4       0  13:42      72.75
  J268-S                   0.034    0.4    0.0    0.0       0.362    4.0       0  13:40      36.64
  J273-S                   0.021    0.2    0.0    0.0       0.271    3.0       0  13:40      22.48
  J278-S                   0.000    0.0    0.0    0.0       0.000    0.0       0  00:00       0.00
  J27-S                    0.025    0.2    0.0    0.0       0.449    2.7       0  13:42      32.31
  J280-S                   0.100    1.9    0.0    0.0       1.212   23.6       0  19:15      32.59
  J328-S                   0.214    4.4    0.0    0.0       1.510   31.2       0  19:21     121.55
  J329-S                   0.061    0.7    0.0    0.0       0.507    5.6       0  19:22     115.70
  J338-S                   0.071    1.8    0.0    0.0       0.749   19.4       0  13:40      77.13
  J33-S                    0.117    2.8    0.0    0.0       1.467   35.7       0  13:41     261.08
  J34-S                    0.059    0.6    0.0    0.0       0.654    7.2       0  13:40     173.89
  J361-S                   0.099    1.9    0.0    0.0       0.824   15.6       0  19:16     146.68
  J366-S                   0.000    0.0    0.0    0.0       0.001    0.0       0  13:41       3.14
  J385-S                   0.019    0.2    0.0    0.0       0.452    5.0       0  19:32      46.55
  J3-S                     0.068    0.7    0.0    0.0       0.628    6.9       0  19:22     157.59
  J413-S                   0.089    2.1    0.0    0.0       0.667   16.0       0  19:17     175.19
  J421-S                   0.071    0.8    0.0    0.0       0.756    8.3       0  19:16     272.62
  J42-S                    0.049    0.5    0.0    0.0       0.465    5.1       0  13:40     154.40
  J433-S                   0.068    0.5    0.0    0.0       0.658    4.8       0  19:15     119.61
  J437-S                   0.061    0.7    0.0    0.0       0.633    6.9       0  13:44     100.87
  J438-S                   0.037    0.2    0.0    0.0       0.564    2.6       0  19:17     117.23
  J450-S                   0.050    0.9    0.0    0.0       0.529    9.8       0  19:16     115.96
  J456-S                   0.036    1.1    0.0    0.0       0.637   18.6       0  13:40       8.07
  J45-S                    0.036    0.4    0.0    0.0       0.430    4.7       0  13:40      32.04
  J460-S                   0.063    0.7    0.0    0.0       0.510    5.6       0  19:15      80.78
  J461-S                   0.089    1.0    0.0    0.0       0.847    9.3       0  13:42     123.89
  J46-S                    0.070    0.8    0.0    0.0       0.635    7.0       0  13:41     102.46
  J471-S                   0.063    1.0    0.0    0.0       0.906   15.1       0  19:17      27.35
  J480-S                   0.100    1.1    0.0    0.0       1.023   11.2       0  13:43     223.57
  J484-S                   0.124    0.2    0.0    0.0       1.377    2.3       0  19:16     103.50
  J491-S                   0.091    0.2    0.0    0.0       1.063    2.7       0  19:17     317.41
  J492-S                   0.047    0.5    0.0    0.0       0.431    4.7       0  13:41      78.73
  J49-S                    0.049    0.5    0.0    0.0       0.491    5.4       0  13:40      71.37
  J4-S                     0.056    0.6    0.0    0.0       0.863    9.5       0  13:40      52.40
  J506-S                   0.046    0.4    0.0    0.0       0.631    6.0       0  13:41       5.17
  J507-S                   0.098    1.1    0.0    0.0       1.337   14.7       0  19:16      99.47
  J50-S                    0.056    0.6    0.0    0.0       0.619    6.8       0  13:41     111.17
  J512-S                   0.000    0.0    0.0    0.0       0.000    0.0       0  00:00       0.00
  J534-S                   0.086    0.4    0.0    0.0       1.144    4.9       0  19:18     263.21
  J539-S                   0.036    0.7    0.0    0.0       0.820   17.2       0  19:25      55.07
  J541-S                   0.124    1.4    0.0    0.0       1.138   12.5       0  19:17      45.67
  J548-S                   0.284    8.9    0.0    0.0       3.179  100.0       0  13:41      66.47
  J556-S                   0.100    1.1    0.0    0.0       1.364   15.0       0  19:15     104.15
  J567-S                   0.041    0.3    0.0    0.0       0.557    4.1       0  19:16     126.67
  J568-S                   0.044    0.5    0.0    0.0       0.811    8.9       0  13:40     133.90
  J571-S                   0.028    0.3    0.0    0.0       0.384    4.2       0  13:35      71.13
  J576-S                   0.014    0.1    0.0    0.0       0.286    3.1       0  19:24      12.43
  J578-S                   0.049    0.5    0.0    0.0       0.605    6.6       0  13:44     156.21
  J586-S                   0.000    0.0    0.0    0.0       0.000    0.0       0  00:00       0.00
  J587-S                   0.080    0.9    0.0    0.0       0.913   10.0       0  19:17      12.52
  J592-S                   0.032    0.4    0.0    0.0       0.340    3.7       0  19:17      64.59
  J5-S                     0.073    0.8    0.0    0.0       1.033   11.3       0  13:42      64.20
  J609-S                   0.056    0.6    0.0    0.0       0.552    6.1       0  13:42     168.92
  J60-S                    0.148    1.6    0.0    0.0       2.037   22.4       0  13:43      39.40
  J619-S                   0.087    1.0    0.0    0.0       0.996   10.9       0  13:41     176.22
  J620-S                   0.106    1.7    0.0    0.0       2.102   33.2       0  19:26     130.49
  J624-S                   0.558    4.7    0.0    0.0       4.689   39.3       0  19:20     118.44
  J62-S                    0.130    1.4    0.0    0.0       1.428   15.7       0  13:44      40.15
  J632-S                   0.069    0.8    0.0    0.0       0.497    5.5       0  19:17      62.35
  J637-S                   0.079    2.5    0.0    0.0       0.843   26.9       0  19:18     139.11
  J640-S                   0.029    0.3    0.0    0.0       0.394    4.3       0  19:23      28.31
  J659-S                   0.121    2.8    0.0    0.0       0.958   22.4       0  19:17     207.36
  J672-S                   0.036    0.4    0.0    0.0       0.231    2.5       0  19:18      24.70
  J675-S                   0.152    1.7    0.0    0.0       1.526   16.7       0  19:17     107.80
  J686-S                   0.062    0.7    0.0    0.0       0.716    7.9       0  13:40     108.29
  J694-S                   0.001    0.0    0.0    0.0       0.049    0.5       0  13:36       0.46
  J695-S                   0.027    0.2    0.0    0.0       0.445    3.9       0  13:40     106.21
  J712-S                   0.054    0.6    0.0    0.0       0.590    6.5       0  13:40     138.26
  J714-S                   0.102    1.1    0.0    0.0       0.872    9.6       0  19:16     122.50
  J71-S                    0.159    1.7    0.0    0.0       2.176   23.9       0  19:15      95.67
  J722-S                   0.036    0.4    0.0    0.0       0.391    4.3       0  13:41      35.89
  J72-S                    0.048    0.5    0.0    0.0       0.506    5.6       0  13:40      89.04
  J732-S                   0.119    1.4    0.0    0.0       1.260   14.7       0  19:16     119.49
  J733-S                   0.103    1.1    0.0    0.0       1.124   12.3       0  13:42      68.06
  J748-S                   0.018    0.4    0.0    0.0       0.368    7.5       0  19:23      55.90
  J749-S                   0.074    0.8    0.0    0.0       0.928   10.2       0  13:41     118.04
  J751-S                   0.067    0.7    0.0    0.0       0.571    6.3       0  13:42      78.42
  J756-S                   0.130    1.4    0.0    0.0       0.902    9.9       0  19:22     160.74
  J758-S                   0.060    0.7    0.0    0.0       0.578    6.3       0  19:16      73.18
  J760-S                   0.033    0.4    0.0    0.0       0.398    4.4       0  13:45      29.41
  J761-S                   0.085    0.4    0.0    0.0       1.493    6.8       0  19:23      88.42
  J762-S                   0.045    0.5    0.0    0.0       0.466    5.1       0  13:40      95.86
  J764-S                   0.025    0.2    0.0    0.0       0.382    3.0       0  19:17      49.97
  J765-S                   0.017    0.2    0.0    0.0       0.317    3.5       0  13:45      13.42
  J772-S                   0.062    0.7    0.0    0.0       1.513   16.6       0  19:25     321.34
  J782-S                   0.035    0.4    0.0    0.0       0.342    3.8       0  19:28       6.89
  J787-S                   0.055    0.6    0.0    0.0       0.605    6.6       0  19:15     129.76
  J789-S                   0.055    0.6    0.0    0.0       0.532    5.8       0  19:16      87.22
  J78-S                    0.062    1.2    0.0    0.0       0.588   10.9       0  13:40     148.11
  J792-S                   0.155    2.9    0.0    0.0       1.952   35.9       0  19:16      36.18
  J799-S                   0.000    0.0    0.0    0.0       0.027    0.3       0  00:01       0.19
  J7-S                     0.135    1.5    0.0    0.0       1.983   21.8       0  13:40      94.22
  J801-S                   0.030    0.4    0.0    0.0       0.447    5.4       0  19:17      60.49
  J80-S                    0.047    0.5    0.0    0.0       0.501    5.5       0  19:15      97.33
  J88-S                    0.147    1.6    0.0    0.0       2.397   26.3       0  13:41     146.00
  J8-S                     0.132    1.4    0.0    0.0       1.223   13.4       0  19:17      41.78
  
  
  ***********************
  Outfall Loading Summary
  ***********************
  
  -----------------------------------------------------------
                         Flow       Avg       Max       Total
                         Freq      Flow      Flow      Volume
  Outfall Node           Pcnt       CFS       CFS    10^6 gal
  -----------------------------------------------------------
  J139                 100.00      6.29     90.25       4.583
  J538                  98.66     11.72    123.05       6.816
  J798                  99.69      5.00     84.30       2.968
  OF1                    0.00      0.00      0.00       0.000
  Out1                  36.41      6.33     64.74       1.216
  Out10                  6.24     14.00     31.45       0.409
  Out106                27.33      2.41     19.16       0.345
  Out11                 11.18     28.70     78.72       1.560
  Out112               100.00      4.99     68.44       2.869
  Out122                99.83     13.10    178.26       7.409
  Out123                63.21      3.25     55.29       1.092
  Out126                98.71     57.55    721.55      35.215
  Out129                98.70      3.54     50.64       2.029
  Out13                  9.12     22.94     69.02       1.027
  Out134                99.99      3.27     49.24       1.906
  Out135               100.00      1.73     30.26       1.020
  Out14                  9.07     29.22     89.61       1.280
  Out16                 98.03      2.25     26.49       1.272
  Out17                  7.98     28.61     85.97       1.078
  Out18                 13.21     40.01    152.62       2.651
  Out19                 99.66     74.06   1057.41      45.874
  Out2                  98.68      1.69     16.42       1.102
  Out20                  3.37      3.62      9.56       0.060
  Out21                  4.26      8.63     18.77       0.170
  Out22                  4.47     12.12     27.06       0.249
  Out23                  3.83      6.77     10.77       0.123
  Out24                  6.37     12.85     36.71       0.379
  Out25                  0.00      0.00      0.00       0.000
  Out26                  0.00      0.00      0.00       0.000
  Out28                  2.36      2.95      6.00       0.031
  Out29                  7.98     18.20     44.97       0.683
  Out3                 100.00     18.92    262.98      12.313
  Out32                  0.00      0.00      0.00       0.000
  Out33                  0.00      0.00      0.00       0.000
  Out34                  2.49      1.35      2.48       0.015
  Out35                  4.53     15.72     43.63       0.327
  Out37                 98.71      8.54    173.39       4.485
  Out4                  44.41      7.89     81.78       1.845
  Out47                 98.71      8.94    167.83       4.824
  Out5                   2.06      3.15      6.88       0.031
  Out59                 98.62      6.76     98.47       3.795
  Out6                  10.74     13.07     40.15       0.670
  Out63                 98.69      3.98     52.81       2.205
  Out64                 38.53      8.52     79.09       1.683
  Out67                 98.63      1.72     18.23       0.971
  Out68                 98.69      6.88     95.66       3.965
  Out69                 98.70      4.93     58.26       2.776
  Out7                   8.23      9.60     27.08       0.376
  Out73                 99.76     95.31   1373.01      64.005
  Out76                100.00      6.31     79.03       3.778
  Out79                100.00      2.21     44.22       1.242
  Out8                   2.52     17.36     40.99       0.214
  Out86                 98.63      3.66     58.01       2.060
  Out87                 99.78     12.24    158.19       8.210
  Out9                  10.33     11.33     29.14       0.570
  -----------------------------------------------------------
  System                51.29    694.19   5574.99     245.775
  
  
  *******************
  Street Flow Summary
  *******************
  
  ---------------------------------------------------------------------------------------------------------------------------------------
                                                                                        Peak     Avg.   Bypass     Back     Peak     Peak
                        Peak   Maximum   Maximum                                        Flow     Flow     Flow     Flow  Capture   Bypass
                        Flow    Spread     Depth  Inlet             Inlet     Inlet  Capture  Capture     Freq     Freq  / Inlet     Flow
  Street Conduit         CFS        ft        ft  Design            Location  Count     Pcnt     Pcnt     Pcnt     Pcnt      CFS      CFS
  ---------------------------------------------------------------------------------------------------------------------------------------
  C102-S             163.088    30.000     0.833  Combination       ON-SAG       12    45.76    76.36    57.03    32.63     3.11    88.46
  C105-S             220.040    30.000     0.703  CurbOpening       ON-SAG       26    97.14    87.60    30.48     7.31     4.11     6.29
  C111-S               0.000    30.000     0.408  Grated            ON-SAG        6
  C113-S              98.430    30.000     0.746  Combination       ON-SAG       12   100.00    99.95     0.04     0.03     4.10     0.00
  C131-S              13.430    28.177     0.284  Combination       ON-SAG        6    94.18    69.40   100.00    20.62     1.05     0.78
  C141-S              52.415    30.000     0.366  CurbOpening       ON-SAG        6    75.93    76.85    99.34    10.41     3.32    12.62
  C159-S              34.872    29.335     0.307  Combination       ON-SAG        5    36.92    70.13    77.35    10.51     1.29    22.00
  C163-S             119.446    30.000     0.636  Combination       ON-SAG        5    60.09    80.73    94.29    14.80     7.18    47.67
  C168-S              64.225    30.000     0.610  Combination       ON-SAG        4    65.18    78.80   100.00     9.84     5.23    22.37
  C182-S              24.641    30.000     0.782  Combination       ON-SAG        6   100.00   100.00     0.00     0.00     2.05     0.00
  C187-S               6.888    23.223     0.232  Combination       ON-SAG       13   100.00    99.75     0.44     0.04     0.26     0.00
  C190-S               0.000    30.000     0.407  Combination       ON-SAG        9
  C191-S               0.000     3.995     0.000  Combination       ON-SAG       13
  C211-S             136.380    30.000     0.460  CurbOpening       ON-SAG        9    10.69    58.76    68.22     7.86     0.81   121.80
  C21-S               62.998    30.000     0.462  Combination       ON-SAG        9    50.81    73.68    64.78    13.89     1.78    30.99
  C226-S               0.000    24.858     0.249  Combination       ON-SAG       13
  C227-S             120.932    30.000     0.624  Grated            ON-SAG        4    37.22    67.09    78.79     0.77     5.63    75.92
  C229-S               0.000    25.086     0.251  Combination       ON-SAG        7
  C236-S               0.000    30.000     0.346  Combination       ON-SAG        6     0.00   100.00     0.00     0.00     0.00     0.00
  C23-S               27.667    30.000     0.346  Combination       ON-SAG       11   100.00    99.98     0.04     0.00     1.26     0.00
  C249-S             117.407    30.000     0.512  Combination       ON-SAG        5    19.83    39.98    99.42    18.46     2.33    94.13
  C251-S              90.897    30.000     0.418  Combination       ON-SAG        9    75.85    96.88    19.50     0.00     3.83    21.95
  C260-S              77.545    30.000     0.337  CurbOpening       ON-SAG        4    45.51    84.08    34.29    12.15     4.41    42.26
  C26-S                0.000    30.000     0.473  Combination       ON-SAG        7
  C274-S             203.478    30.000     0.747  Combination       ON-SAG       14    89.20    64.79    92.18     9.77     6.48    21.97
  C279-S             115.553    30.000     0.894  CurbOpening       ON-SAG        8    18.62    31.79    95.61     4.25     1.34    94.04
  C27-S                0.000     3.995     0.000  Combination       ON-SAG        9
  C292-S              58.254    30.000     0.396  Combination       ON-SAG        9    95.42    83.79    35.68    14.50     3.09     2.67
  C2-S                57.805    30.000     0.330  CurbOpening       ON-SAG       10    57.44    73.74    62.63     6.70     1.66    24.60
  C301-S              45.282    30.000     0.353  CurbOpening       ON-SAG       13    91.61    99.47     6.91     0.00     1.60     3.80
  C314-S              60.893    30.000     0.388  Combination       ON-SAG       17    65.65    51.49    98.28     7.30     1.18    20.92
  C317-S               0.000    13.380     0.134  Combination       ON-SAG       11
  C319-S               0.000     3.995     0.000  Combination       ON-SAG       22
  C321-S              39.022    30.000     0.401  Combination       ON-SAG       24   100.00    52.15    64.13    54.54     0.81     0.00
  C325-S               4.918    23.266     0.233  CurbOpening       ON-SAG       10   100.00    99.98     0.00     0.04     0.25     0.00
  C327-S             114.804    30.000     0.656  Grated            ON-SAG        4    24.14    50.86    99.86    30.89     3.46    87.09
  C328-S              82.047    30.000     0.544  Combination       ON-SAG        9   100.00    99.54     1.93     0.09     4.56     0.00
  C338-S              69.939    30.000     0.384  CurbOpening       ON-SAG        4    20.60    56.23    80.48     4.70     1.80    55.53
  C340-S             109.149    30.000     0.483  CurbOpening       ON-SAG        6    22.21    57.81    75.89     1.96     2.02    84.90
  C34-S               35.721    28.223     0.284  Combination       ON-SAG        7    94.18    96.34    11.63     9.64     2.40     2.08
  C351-S              59.567    30.000     0.405  CurbOpening       ON-SAG       11    91.67    79.58    99.11     9.62     2.48     4.96
  C355-S               0.000    15.008     0.150  Combination       ON-SAG       13
  C361-S              76.626    30.000     0.445  Combination       ON-SAG        4    25.14    50.25    97.96    26.48     2.41    57.36
  C362-S              50.269    30.000     0.440  CurbOpening       ON-SAG        7    24.58    24.62    99.32    10.59     0.88    37.91
  C37-S               71.007    30.000     0.437  Combination       ON-SAG        6    44.32    61.02    83.52    11.47     2.62    39.54
  C382-S             105.821    30.000     0.552  Combination       ON-SAG        9    30.68    33.65    98.46     7.35     1.80    73.36
  C3-S               157.586    30.000     0.651  Combination       ON-SAG       26    98.69    80.54    99.74     9.05     2.99     2.06
  C417-S             320.640    30.000     1.329  CurbOpening       ON-SAG        8    22.73    99.66     0.71     0.00     4.55   247.77
  C418-S              55.068    30.000     0.658  CurbOpening       ON-SAG        6    74.82    78.19    96.64     1.86     3.43    13.87
  C422-S              94.533    30.000     0.364  CurbOpening       ON-SAG        2    20.37    55.84   100.00    16.27     4.81    75.28
  C449-S             172.941    30.000     0.519  Combination       ON-SAG       15    66.12    52.66    91.91    11.22     3.81    58.59
  C462-S              59.326    30.000     1.024  CurbOpening       ON-SAG        3    61.59    93.15    25.83     0.00     6.09    22.79
  C463-S             127.587    30.000     1.888  CurbOpening       ON-SAG        3    36.05    85.94    40.64     0.00     7.67    81.59
  C473-S             127.804    30.000     0.472  Combination       ON-SAG        9    35.51    53.75    99.20    19.76     2.52    82.42
  C474-S              79.327    30.000     0.439  Combination       ON-SAG        4    39.07    49.54    91.19    18.71     3.87    48.33
  C478-S              70.139    29.047     0.301  Combination       ON-SAG       11    98.24    77.86    42.22    21.82     3.13     1.23
  C509-S               0.000    25.193     0.252
  C530-S             143.640    30.000     0.635  Grated            ON-SAG       11    70.14    72.03    68.18    16.18     4.58    42.90
  C532-S               0.000     3.818     0.004  CurbOpening       ON-SAG       11
  C548-S              12.576    27.880     0.279  Grated            ON-SAG        6    85.14    61.65    81.31    16.80     0.89     1.87
  C549-S               0.974    15.729     0.157  Combination       ON-SAG        4   100.00   100.00     0.00     0.00     0.12     0.00
  C550-S             172.769    30.000     0.691  CurbOpening       ON-SAG        1     0.97     6.05    99.87    24.58     0.83   171.10
  C551-S             165.523    30.000     0.431  Combination       ON-SAG       10    31.83    52.49   100.00     3.49     2.63   112.84
  C556-S              31.989    30.000     0.509  Combination       ON-SAG        5    41.75    63.54    68.89    16.56     1.34    18.63
  C576-S              77.066    30.000     0.472  Combination       ON-SAG        8    47.21    90.93    26.90     0.00     2.27    40.68
  C602-S             181.569    30.000     0.661  Combination       ON-SAG        8    55.74    53.52    99.60    17.25     6.32    80.37
  C638-S               0.000    30.000     0.369  CurbOpening       ON-SAG        4
  C650-S              36.928    30.000     0.691  Combination       ON-SAG        3   100.00   100.00     0.00     0.00     6.15     0.00
  C659-S               2.709    30.000     0.395  Combination       ON-SAG       10   100.00   100.00     0.00     0.00     0.14     0.00
  C65-S              111.397    30.000     0.576  Combination       ON-SAG       20    90.96    65.04    93.96    18.14     2.53    10.07
  C677-S             116.166    30.000     0.572  Combination       ON-SAG        6    51.65    85.85    22.94    16.65     5.00    56.17
  C681-S              47.175    30.000     0.329  Combination       ON-SAG        5    35.20    59.47    87.96    14.96     1.66    30.57
  C685-S              31.114    30.000     0.334
  C687-S             127.803    30.000     0.583  Grated            ON-SAG        4    70.01    83.84   100.00    16.11    11.18    38.32
  C68-S                0.000    22.001     0.220  CurbOpening       ON-SAG        9
  C69-S               80.080    30.000     0.493  Combination       ON-SAG       17   100.00    94.27    34.87    29.18     2.36     0.00
  C6-S                74.433    30.000     0.551  Combination       ON-SAG        7    68.04    56.47    93.69    12.97     3.62    23.79
  C708-S              97.859    30.000     0.487  Combination       ON-SAG        5    63.54    77.41   100.00    21.80     6.22    35.68
  C725-S              71.178    30.000     0.506  Combination       ON-SAG        5    52.98    92.25    21.27     0.12     3.77    33.47
  C728-S              87.550    30.000     0.395  CurbOpening       ON-SAG        3    13.31    36.48    99.60     9.46     1.94    75.90
  C729-S             115.375    30.000     0.526  Combination       ON-SAG        3    17.98    46.99    99.29    27.58     3.46    94.63
  C734-S              95.854    30.000     0.392  CurbOpening       ON-SAG        2    11.41    45.55   100.00     9.10     2.73    84.91
  C740-S             146.235    30.000     0.459  CurbOpening       ON-SAG        5    34.44    65.94    99.60    13.12     5.04    95.87
  C742-S               0.000    17.574     0.176  Combination       ON-SAG        4
  C744-S              30.857    30.000     0.337  Combination       ON-SAG        5    55.48    46.50    99.94    20.16     1.71    13.74
  C74-S                6.757    18.360     0.184  Combination       ON-SAG       17   100.00    54.96    57.86    45.02     0.20     0.00
  C752-S             122.186    30.000     0.482  CurbOpening       ON-SAG       13   100.00    91.78    18.99    15.10     4.70     0.00
  C756-S             153.069    30.000     0.364  Combination       ON-SAG        2    24.80    37.10    96.00    15.78     9.49   115.11
  C758-S               0.037     3.586     0.028  CurbOpening       ON-SAG        1   100.00   100.00     0.00     0.00     0.02     0.00
  C759-S               0.545    10.656     0.107  CurbOpening       ON-SAG        4    27.55    22.95    99.94    15.66     0.02     0.39
  C761-S             171.702    30.000     0.509  CurbOpening       ON-SAG        1     3.62    21.54   100.00    20.84     3.10   165.49
  C771-S             100.371    30.000     0.495  CurbOpening       ON-SAG        1     7.22    14.77    99.50    16.68     3.63    93.12
  C772-S             101.761    30.000     0.681  Grated            ON-SAG        6    69.44    79.36   100.00    13.04     5.89    31.10
  C779-S              38.971    30.000     0.320  Combination       ON-SAG        2    50.48    88.81    23.18     0.62     4.92    19.30
  C797-S              41.794    30.000     0.571  CurbOpening       ON-SAG        1    20.40    47.29   100.00    13.45     4.26    33.27
  C79-S                0.000    17.664     0.177  Combination       ON-SAG        3
  C7-S                79.270    30.000     0.398  Combination       ON-SAG        1    10.69    27.33    97.83     5.19     4.24    70.80
  C800                61.379    30.000     0.571
  C816-S              21.881    21.372     0.214  Grated            ON-SAG        6   100.00    90.78    15.15    25.27     1.82     0.00
  C830-S              83.326    30.000     0.675  Combination       ON-SAG       10    37.93    57.43    99.49    18.46     1.58    51.72
  C839-S               2.953    30.000     0.329  Combination       ON-SAG        6   100.00   100.00     0.00     0.00     0.25     0.00
  C84-S                0.000     3.502     0.021  Combination       ON-SAG        5
  C89-S              102.906    30.000     0.742  CurbOpening       ON-SAG       16   100.00    90.62    22.04    10.58     3.22     0.00
  
  
  ********************
  Link Flow Summary
  ********************
  
  -----------------------------------------------------------------------------
                                 Maximum  Time of Max   Maximum    Max/    Max/
                                  |Flow|   Occurrence   |Veloc|    Full    Full
  Link                 Type          CFS  days hr:min    ft/sec    Flow   Depth
  -----------------------------------------------------------------------------
  C1                   CONDUIT     64.74     0  13:36     14.13    0.18    0.29
  C10                  CONDUIT     44.22     0  13:40      5.48    0.35    0.43
  C102                 CONDUIT    916.93     0  19:22     14.31    1.72    0.87
  C102-S               CONDUIT    163.09     0  19:18      3.59    0.19    0.42
  C103                 CONDUIT    916.93     0  19:22     16.35    0.48    0.53
  C105                 CONDUIT      3.44     0  13:45      0.31    0.01    1.00
  C105-S               CONDUIT    220.04     0  13:43      6.32    0.12    0.35
  C11                  CONDUIT     49.24     0  13:42     11.09    0.44    0.49
  C111                 CONDUIT    409.22     0  19:16     16.52    0.24    0.53
  C111-S               CONDUIT      0.00     0  00:00      0.00    0.00    0.20
  C113                 CONDUIT    559.49     0  19:17     10.31    0.40    0.97
  C113-S               CONDUIT     98.43     0  19:16      2.58    0.16    0.37
  C13                  CONDUIT     26.49     0  13:40     12.67    0.03    0.14
  C131                 CONDUIT     16.47     0  13:46      4.52    0.37    0.42
  C131-S               CONDUIT     13.43     0  13:45      1.67    0.01    0.14
  C132                 CONDUIT     30.26     0  13:46      3.22    0.30    0.49
  C14                  CONDUIT     16.42     0  19:19      4.51    0.06    0.15
  C141                 CONDUIT      1.32     0  13:41      0.31    0.01    0.22
  C141-S               CONDUIT     52.42     0  13:40      4.05    0.02    0.18
  C159                 CONDUIT      1.01     0  13:42      4.00    0.01    0.28
  C159-S               CONDUIT     34.87     0  13:41      3.70    0.01    0.15
  C163                 CONDUIT      2.99     0  19:19      0.86    0.01    0.26
  C163-S               CONDUIT    119.45     0  19:16      3.99    0.10    0.32
  C164                 CONDUIT     79.03     0  19:18      6.64    1.39    0.84
  C168                 CONDUIT      3.83     0  13:42      1.82    0.03    0.29
  C168-S               CONDUIT     64.23     0  13:42      2.28    0.11    0.31
  C182                 CONDUIT      2.89     0  13:43      2.85    0.47    1.00
  C182-S               CONDUIT     24.64     0  19:06      0.73    0.03    0.39
  C186                 CONDUIT   1171.49     0  19:20      9.64    0.75    0.78
  C187                 CONDUIT   1160.61     0  19:21     14.64    3.35    0.54
  C187-S               CONDUIT      6.89     0  19:28      1.27    0.01    0.12
  C190                 CONDUIT    719.82     0  19:17      9.31    0.60    1.00
  C190-S               CONDUIT      0.00     0  00:00      0.00    0.00    0.20
  C191                 CONDUIT    834.52     0  19:17     11.97    3.49    1.00
  C191-S               CONDUIT      0.00     0  00:00      0.00    0.00    0.00
  C2                   CONDUIT      1.11     0  19:21      2.60    0.00    0.46
  C21                  CONDUIT    137.41     0  19:17     13.59    0.70    0.63
  C211                 CONDUIT      2.71     0  19:24      1.02    0.05    1.00
  C211-S               CONDUIT    136.38     0  13:40      7.33    0.05    0.23
  C21-S                CONDUIT     63.00     0  19:16      3.37    0.05    0.23
  C226                 CONDUIT      2.08     0  13:42      2.52    0.02    0.46
  C226-S               CONDUIT      0.00     0  00:00      0.00    0.00    0.12
  C227                 CONDUIT    176.78     0  13:42     10.47    0.58    0.58
  C227-S               CONDUIT    120.93     0  13:42      4.16    0.09    0.31
  C229                 CONDUIT      2.11     0  13:41      2.41    0.20    0.97
  C229-S               CONDUIT      0.00     0  00:00      0.00    0.00    0.13
  C23                  CONDUIT    173.31     0  19:18     12.75    0.15    0.32
  C236                 CONDUIT      3.45     0  19:18      4.15    0.02    1.00
  C236-S               CONDUIT      0.00     0  00:00      0.00    0.00    0.17
  C23-S                CONDUIT     27.67     0  19:17      2.35    0.02    0.17
  C240                 CONDUIT     49.34     0  19:23     17.04    1.72    1.00
  C249                 CONDUIT      2.19     0  19:16      2.73    0.03    0.16
  C249-S               CONDUIT    117.41     0  19:15      5.40    0.06    0.26
  C251                 CONDUIT     27.21     0  19:17      3.25    0.03    0.47
  C251-S               CONDUIT     90.90     0  19:16      5.66    0.04    0.21
  C26                  CONDUIT    347.22     0  19:16     16.89    0.31    0.43
  C260                 CONDUIT      1.18     0  13:42      3.96    0.01    1.00
  C260-S               CONDUIT     77.55     0  13:41      6.89    0.02    0.17
  C26-S                CONDUIT      0.00     0  00:00      0.00    0.00    0.24
  C27                  CONDUIT    459.43     0  19:16     11.11    0.48    0.78
  C274                 CONDUIT      3.77     0  19:21      2.21    0.02    0.40
  C274-S               CONDUIT    203.48     0  19:17      5.32    0.14    0.37
  C279                 CONDUIT      6.00     0  19:34      3.35    0.09    0.34
  C279-S               CONDUIT    115.55     0  19:21      2.27    0.24    0.45
  C27-S                CONDUIT      0.00     0  00:00      0.00    0.00    0.00
  C282                 CONDUIT    128.13     0  19:20     11.90    0.15    0.27
  C292                 CONDUIT     67.80     0  19:23      8.75    0.07    0.22
  C292-S               CONDUIT     58.25     0  19:22      3.94    0.03    0.20
  C2-S                 CONDUIT     57.81     0  19:17      5.36    0.02    0.16
  C3                   CONDUIT      2.91     0  19:29      1.66    0.01    0.27
  C301                 CONDUIT    532.57     0  19:18     17.59    0.25    0.42
  C301-S               CONDUIT     45.28     0  19:32      3.71    0.02    0.18
  C314                 CONDUIT      1.43     0  19:20      1.72    0.02    0.27
  C314-S               CONDUIT     60.89     0  19:17      4.26    0.03    0.19
  C317                 CONDUIT     37.59     0  19:18     12.80    0.20    0.29
  C317-S               CONDUIT      0.00     0  00:00      0.00    0.00    0.07
  C319                 CONDUIT     63.33     0  19:18      3.27    0.05    0.26
  C319-S               CONDUIT      0.00     0  00:00      0.00    0.00    0.00
  C321                 CONDUIT    622.39     0  19:21     12.55    0.42    0.79
  C321-S               CONDUIT     39.02     0  19:16      2.60    0.03    0.20
  C325                 CONDUIT    659.78     0  13:48     10.80    1.05    1.00
  C325-S               CONDUIT      4.92     0  19:23      0.90    0.01    0.12
  C327                 CONDUIT    678.56     0  19:24     11.75    0.70    1.00
  C327-S               CONDUIT    114.80     0  13:41      3.66    0.10    0.33
  C328                 CONDUIT    694.12     0  19:24      7.48    0.56    1.00
  C328-S               CONDUIT     82.05     0  13:43      3.46    0.07    0.27
  C329                 CONDUIT    720.30     0  19:26     18.01    1.31    1.00
  C334                 CONDUIT     58.01     0  19:16      7.07    0.78    0.68
  C338                 CONDUIT      1.43     0  13:41      2.85    0.03    0.21
  C338-S               CONDUIT     69.94     0  13:40      4.99    0.03    0.19
  C34                  CONDUIT      0.88     0  13:42      2.50    0.14    0.82
  C340                 CONDUIT     17.87     0  13:42      7.94    0.08    1.00
  C340-S               CONDUIT    109.15     0  13:41      5.47    0.05    0.24
  C34-S                CONDUIT     35.72     0  13:40      4.41    0.01    0.14
  C351                 CONDUIT      1.54     0  19:16      2.59    0.02    0.30
  C351-S               CONDUIT     59.57     0  19:15      3.89    0.03    0.20
  C355                 CONDUIT     37.46     0  19:19      5.24    0.73    0.61
  C355-S               CONDUIT      0.00     0  00:00      0.00    0.00    0.08
  C361                 CONDUIT      1.79     0  13:42      0.72    0.03    0.61
  C361-S               CONDUIT     76.63     0  13:42      4.32    0.04    0.22
  C362                 CONDUIT     24.20     0  19:17      2.63    0.51    0.75
  C362-S               CONDUIT     50.27     0  19:16      2.89    0.04    0.22
  C368                 CONDUIT     19.16     0  13:37      5.28    0.64    0.53
  C37                  CONDUIT     37.48     0  13:43      4.62    0.29    0.57
  C37-S                CONDUIT     71.01     0  13:42      4.13    0.04    0.22
  C382                 CONDUIT      2.44     0  13:41      2.70    0.08    0.64
  C382-S               CONDUIT    105.82     0  13:40      4.37    0.07    0.28
  C397                 CONDUIT    123.05     0  19:25     22.41    0.63    0.58
  C3-S                 CONDUIT    157.59     0  19:22      5.09    0.10    0.33
  C4                   CONDUIT     81.78     0  13:40     18.26    0.17    0.28
  C417                 CONDUIT      6.90     0  13:36      2.61    0.14    1.00
  C417-S               CONDUIT    320.64     0  19:43      3.48    0.23    0.66
  C418                 CONDUIT     78.76     0  19:18      8.57    2.03    1.00
  C418-S               CONDUIT     55.07     0  19:25      1.75    0.32    0.33
  C422                 CONDUIT      1.33     0  13:40      3.64    0.00    0.09
  C422-S               CONDUIT     94.53     0  13:40      7.35    0.02    0.18
  C449                 CONDUIT      2.17     0  19:21      0.43    0.00    0.51
  C449-S               CONDUIT    172.94     0  19:17      7.80    0.06    0.26
  C462                 CONDUIT    503.86     0  19:17     15.17    0.77    0.64
  C462-S               CONDUIT     59.33     0  19:27      0.94    0.07    0.51
  C463                 CONDUIT    458.37     0  19:17      9.42    1.30    0.96
  C463-S               CONDUIT    127.59     0  19:59      0.97    0.10    0.94
  C473                 CONDUIT      1.93     0  19:16      1.80    0.01    0.17
  C473-S               CONDUIT    127.80     0  19:15      6.61    0.05    0.24
  C474                 CONDUIT     49.20     0  19:16     14.42    0.15    0.29
  C474-S               CONDUIT     79.33     0  19:16      4.57    0.04    0.22
  C476                 CONDUIT    173.39     0  13:40     20.08    0.27    0.33
  C478                 CONDUIT      0.98     0  13:36      3.46    0.00    0.14
  C478-S               CONDUIT     70.14     0  13:35      7.73    0.01    0.15
  C5                   CONDUIT    262.98     0  19:20     11.10    0.47    0.80
  C509-S               CONDUIT      0.00     0  00:00      0.00    0.00    0.13
  C530                 CONDUIT    243.33     0  19:18     10.49    0.82    0.68
  C530-S               CONDUIT    143.64     0  19:16      4.81    0.10    0.32
  C532                 CONDUIT    200.51     0  19:17     10.79    0.41    0.57
  C532-S               CONDUIT      0.00     0  13:38      0.00    0.00    0.00
  C548                 CONDUIT    364.42     0  19:20     11.26    0.88    1.00
  C548-S               CONDUIT     12.58     0  19:23      1.62    0.01    0.14
  C549                 CONDUIT    372.51     0  19:20      8.46    0.94    0.93
  C549-S               CONDUIT      0.97     0  19:24      0.39    0.01    0.08
  C550                 CONDUIT      3.45     0  13:41      8.05    0.32    0.43
  C550-S               CONDUIT    172.77     0  13:41      5.09    0.12    0.35
  C551                 CONDUIT      6.82     0  13:42      6.41    0.27    1.00
  C551-S               CONDUIT    165.52     0  13:42      9.83    0.04    0.22
  C556                 CONDUIT    349.92     0  19:19     14.64    0.79    0.91
  C556-S               CONDUIT     31.99     0  19:18      1.49    0.07    0.25
  C576                 CONDUIT    439.87     0  19:20     15.65    1.03    0.60
  C576-S               CONDUIT     77.07     0  13:44      3.99    0.05    0.24
  C602                 CONDUIT      3.18     0  19:17      1.87    0.02    0.64
  C602-S               CONDUIT    181.57     0  19:16      5.73    0.11    0.33
  C610                 CONDUIT     52.81     0  13:44     10.94    0.53    0.52
  C638                 CONDUIT      4.82     0  19:19      0.86    0.03    0.48
  C638-S               CONDUIT      0.00     0  00:00      0.00    0.00    0.18
  C65                  CONDUIT    808.53     0  19:18     14.94    0.48    0.66
  C650                 CONDUIT      2.47     0  13:44      1.34    0.09    0.47
  C650-S               CONDUIT     36.93     0  13:44      1.09    0.06    0.35
  C659                 CONDUIT      7.12     0  13:38      1.47    0.17    0.98
  C659-S               CONDUIT      2.71     0  19:17      0.18    0.01    0.20
  C65-S                CONDUIT    111.40     0  19:16      4.32    0.08    0.29
  C677                 CONDUIT      2.56     0  13:41      2.45    0.01    0.66
  C677-S               CONDUIT    116.17     0  13:40      4.55    0.08    0.29
  C68                  CONDUIT    902.63     0  19:19     15.54    0.96    0.70
  C681                 CONDUIT    218.10     0  19:19     15.67    0.75    0.85
  C681-S               CONDUIT     47.17     0  19:19      4.40    0.02    0.16
  C685                 CONDUIT    258.99     0  19:20     11.48    0.71    0.67
  C685-S               CONDUIT     31.11     0  19:19      2.81    0.02    0.17
  C686                 CONDUIT     90.25     0  13:40     13.48    1.10    1.00
  C687                 CONDUIT      9.97     0  13:37      3.77    0.19    1.00
  C687-S               CONDUIT    127.80     0  13:40      4.86    0.08    0.29
  C68-S                CONDUIT      0.00     0  00:00      0.00    0.00    0.11
  C69                  CONDUIT    935.82     0  19:20     19.13    0.63    0.63
  C69-S                CONDUIT     80.08     0  13:45      3.89    0.05    0.25
  C6-S                 CONDUIT     74.43     0  13:40      3.08    0.08    0.28
  C707                 CONDUIT     68.44     0  13:42      4.02    0.16    0.84
  C708                 CONDUIT      2.04     0  13:42      1.64    0.09    0.45
  C708-S               CONDUIT     97.86     0  13:42      4.84    0.05    0.24
  C713                 CONDUIT     79.09     0  13:40     19.42    0.15    0.26
  C719                 CONDUIT     18.23     0  19:18      6.30    2.08    1.00
  C725                 CONDUIT     15.62     0  13:41      6.22    0.09    0.36
  C725-S               CONDUIT     71.18     0  13:41      3.33    0.06    0.25
  C728                 CONDUIT      1.49     0  13:40      2.91    0.03    0.23
  C728-S               CONDUIT     87.55     0  13:40      5.94    0.03    0.20
  C729                 CONDUIT      2.29     0  13:41      4.68    0.01    0.30
  C729-S               CONDUIT    115.37     0  13:40      5.11    0.06    0.26
  C732                 CONDUIT     95.66     0  19:18     11.44    0.29    0.37
  C734                 CONDUIT      4.46     0  00:49      1.24    0.04    0.97
  C734-S               CONDUIT     95.85     0  19:15      6.61    0.03    0.20
  C737                 CONDUIT     58.26     0  13:41     13.14    0.24    0.33
  C74                  CONDUIT   1328.23     0  19:21     25.04    0.21    0.29
  C740                 CONDUIT      1.86     0  13:41      7.06    0.05    0.15
  C740-S               CONDUIT    146.23     0  13:40      7.90    0.05    0.23
  C742                 CONDUIT     15.85     0  13:43      5.63    0.68    0.59
  C742-S               CONDUIT      0.00     0  00:00      0.00    0.00    0.09
  C744                 CONDUIT      1.16     0  13:41      4.67    0.17    0.28
  C744-S               CONDUIT     30.86     0  13:40      2.75    0.02    0.17
  C74-S                CONDUIT      6.76     0  19:18      2.85    0.00    0.09
  C752                 CONDUIT      3.53     0  13:44      1.20    0.24    0.81
  C752-S               CONDUIT    122.19     0  19:15      6.13    0.05    0.24
  C753                 CONDUIT    178.26     0  13:43     17.35    0.86    0.79
  C756                 CONDUIT      1.55     0  13:37      2.55    0.06    0.90
  C756-S               CONDUIT    153.07     0  13:40     11.94    0.02    0.18
  C758                 CONDUIT     30.77     0  13:43      8.53    0.60    0.62
  C758-S               CONDUIT      0.04     0  19:18      0.46    0.00    0.01
  C759                 CONDUIT      0.33     0  13:43      2.16    0.02    0.44
  C759-S               CONDUIT      0.54     0  13:41      0.47    0.00    0.05
  C760                 CONDUIT     50.64     0  13:43     12.48    0.81    0.68
  C761                 CONDUIT      2.18     0  13:40      5.98    0.57    0.54
  C761-S               CONDUIT    171.70     0  13:40      7.96    0.06    0.25
  C771                 CONDUIT      3.44     0  13:39      3.00    0.15    1.00
  C771-S               CONDUIT    100.37     0  13:41      4.85    0.05    0.25
  C772                 CONDUIT     32.31     0  19:09     11.16    1.19    1.00
  C772-S               CONDUIT    101.76     0  13:43      3.06    0.13    0.34
  C773                 CONDUIT    106.09     0  13:43      7.27    1.49    1.00
  C779                 CONDUIT      1.59     0  13:40      2.40    0.81    1.00
  C779-S               CONDUIT     38.97     0  13:39      3.82    0.02    0.16
  C783                 CONDUIT     55.29     0  13:37      9.71    0.24    0.33
  C79                  CONDUIT   1377.89     0  19:21     19.25    0.22    0.33
  C797                 CONDUIT      3.83     0  19:19      1.53    0.01    0.12
  C797-S               CONDUIT     41.79     0  19:17      1.64    0.09    0.29
  C79-S                CONDUIT      0.00     0  00:00      0.00    0.00    0.09
  C7-S                 CONDUIT     79.27     0  19:15      5.32    0.03    0.20
  C8                   CONDUIT     98.47     0  19:18     10.72    2.73    1.00
  C800                 CONDUIT     61.38     0  19:17      2.41    0.08    0.29
  C816                 CONDUIT      0.59     0  13:40      4.52    0.00    0.61
  C816-S               CONDUIT     21.88     0  13:40      4.75    0.01    0.11
  C830                 CONDUIT    184.87     0  19:18     12.76    1.12    0.95
  C830-S               CONDUIT     83.33     0  19:17      2.54    0.13    0.34
  C834                 CONDUIT     84.30     0  00:00      7.54    0.37    0.68
  C839                 CONDUIT    166.70     0  19:18     12.69    0.20    0.34
  C839-S               CONDUIT      2.95     0  13:43      0.29    0.00    0.16
  C84                  CONDUIT      3.98     0  13:45      1.57    0.30    1.00
  C84-S                CONDUIT      0.00     0  00:00      0.00    0.00    0.01
  C86                  CONDUIT   1373.01     0  19:21     18.97    0.22    0.33
  C89                  CONDUIT    922.40     0  13:48     16.34    0.50    0.49
  C89-S                CONDUIT    102.91     0  19:17      2.71    0.16    0.37
  C9                   CONDUIT    158.19     0  19:24      8.88    0.47    0.48
  C94                  CONDUIT   1057.41     0  19:19     13.20    0.90    0.75
  1                    WEIR         6.88     0  13:40                      0.02
  10                   WEIR        40.15     0  13:44                      0.23
  11                   WEIR        27.08     0  19:19                      0.18
  12                   WEIR        40.99     0  13:40                      0.23
  13                   WEIR        31.45     0  13:42                      0.19
  15                   WEIR        78.72     0  19:15                      0.36
  16                   WEIR        89.61     0  13:41                      0.39
  17                   WEIR        85.97     0  13:41                      0.38
  18                   WEIR       152.62     0  13:40                      0.56
  19                   WEIR        27.06     0  13:43                      0.13
  2                    WEIR        10.77     0  19:25                      0.10
  3                    WEIR        36.71     0  19:15                      0.22
  34                   WEIR         0.00     0  00:00                      0.00
  35                   WEIR         0.00     0  00:00                      0.00
  36                   WEIR         9.56     0  13:40                      0.09
  37                   WEIR        18.77     0  13:42                      0.14
  39                   WEIR        29.14     0  19:17                      0.18
  4                    WEIR         6.00     0  19:23                      0.02
  40                   WEIR        69.02     0  13:40                      0.33
  5                    WEIR        44.97     0  19:16                      0.37
  6                    WEIR         0.00     0  00:00                      0.00
  7                    WEIR         0.00     0  00:00                      0.00
  8                    WEIR         2.48     0  19:15                      0.04
  9                    WEIR        43.63     0  19:23                      0.09
  20                   DUMMY        3.19     0  19:17
  21                   DUMMY        2.06     0  19:21
  22                   DUMMY        3.15     0  19:22
  23                   DUMMY        2.06     0  19:22
  24                   DUMMY        1.34     0  13:40
  25                   DUMMY        3.02     0  13:40
  26                   DUMMY        3.84     0  13:42
  27                   DUMMY        3.57     0  13:42
  30                   DUMMY        1.33     0  13:40
  31                   DUMMY        5.93     0  13:40
  32                   DUMMY        4.11     0  19:17
  33                   DUMMY        3.88     0  19:17
  J105-IC              DUMMY        2.60     0  13:40
  J116-IC              DUMMY        4.32     0  19:16
  J119-IC              DUMMY        1.14     0  19:19
  J128-IC              DUMMY        6.00     0  19:20
  J130-IC              DUMMY        6.00     0  14:03
  J131-IC              DUMMY        1.17     0  19:19
  J136-IC              DUMMY        6.00     0  13:36
  J138-IC              DUMMY        3.81     0  19:18
  J141-IC              DUMMY        2.68     0  13:40
  J157-IC              DUMMY        4.23     0  13:42
  J163-IC              DUMMY        2.04     0  13:42
  J165-IC              DUMMY        2.18     0  13:41
  J177-IC              DUMMY        2.29     0  13:40
  J182-IC              DUMMY        3.31     0  19:17
  J191-IC              DUMMY        2.48     0  19:15
  J1-IC                DUMMY        1.14     0  19:17
  J204-IC              DUMMY        1.55     0  19:15
  J208-IC              DUMMY        3.23     0  19:16
  J211-IC              DUMMY        6.00     0  13:46
  J227-IC              DUMMY        6.00     0  00:50
  J231-IC              DUMMY        0.33     0  13:41
  J232-IC              DUMMY        0.19     0  00:47
  J234-IC              DUMMY        2.01     0  19:15
  J238-IC              DUMMY        1.09     0  13:39
  J240-IC              DUMMY        3.93     0  13:42
  J245-IC              DUMMY        4.01     0  13:43
  J253-IC              DUMMY        2.49     0  13:40
  J260-IC              DUMMY        1.89     0  19:16
  J266-IC              DUMMY        1.74     0  13:42
  J268-IC              DUMMY        0.92     0  13:40
  J273-IC              DUMMY        0.60     0  13:40
  J278-IC              DUMMY        0.00     0  00:00
  J27-IC               DUMMY        3.11     0  13:43
  J280-IC              DUMMY        3.84     0  13:38
  J328-IC              DUMMY        6.00     0  13:46
  J329-IC              DUMMY        1.50     0  19:22
  J338-IC              DUMMY        2.70     0  13:40
  J33-IC               DUMMY        6.00     0  13:39
  J34-IC               DUMMY        2.18     0  13:40
  J361-IC              DUMMY        3.04     0  19:16
  J366-IC              DUMMY        0.19     0  13:37
  J385-IC              DUMMY        1.27     0  19:32
  J413-IC              DUMMY        2.25     0  19:17
  J421-IC              DUMMY        4.07     0  19:19
  J42-IC               DUMMY        1.33     0  13:40
  J433-IC              DUMMY        2.20     0  19:15
  J437-IC              DUMMY        2.08     0  13:45
  J438-IC              DUMMY        6.00     0  13:41
  J450-IC              DUMMY        1.63     0  19:16
  J456-IC              DUMMY        2.13     0  13:40
  J45-IC               DUMMY        1.18     0  13:40
  J460-IC              DUMMY        1.51     0  19:15
  J461-IC              DUMMY        2.96     0  13:42
  J46-IC               DUMMY        2.09     0  13:41
  J471-IC              DUMMY        3.46     0  19:17
  J480-IC              DUMMY        3.53     0  13:43
  J484-IC              DUMMY        5.07     0  19:16
  J491-IC              DUMMY        4.43     0  19:17
  J492-IC              DUMMY        1.19     0  13:41
  J49-IC               DUMMY        1.43     0  13:40
  J506-IC              DUMMY        2.10     0  13:41
  J507-IC              DUMMY        4.42     0  19:16
  J509-IC              DUMMY        6.00     0  00:54
  J50-IC               DUMMY        2.02     0  13:41
  J512-IC              DUMMY        0.00     0  00:00
  J534-IC              DUMMY        5.02     0  19:18
  J539-IC              DUMMY        3.10     0  19:25
  J548-IC              DUMMY        6.00     0  00:55
  J556-IC              DUMMY        4.49     0  19:15
  J567-IC              DUMMY        1.76     0  19:16
  J568-IC              DUMMY        2.83     0  13:40
  J571-IC              DUMMY        0.99     0  13:35
  J576-IC              DUMMY        0.65     0  19:24
  J578-IC              DUMMY        6.00     0  19:18
  J586-IC              DUMMY        0.00     0  00:00
  J592-IC              DUMMY        3.69     0  19:18
  J609-IC              DUMMY        1.70     0  13:42
  J60-IC               DUMMY        2.48     0  13:43
  J619-IC              DUMMY        3.45     0  13:41
  J620-IC              DUMMY        6.00     0  00:58
  J624-IC              DUMMY        6.00     0  00:53
  J62-IC               DUMMY        3.90     0  19:04
  J632-IC              DUMMY        1.46     0  19:17
  J637-IC              DUMMY        3.23     0  19:18
  J640-IC              DUMMY        1.03     0  19:23
  J659-IC              DUMMY        3.88     0  19:17
  J672-IC              DUMMY        6.00     0  00:59
  J675-IC              DUMMY        4.89     0  19:17
  J686-IC              DUMMY        2.47     0  13:40
  J694-IC              DUMMY        0.79     0  19:21
  J695-IC              DUMMY        5.65     0  19:21
  J712-IC              DUMMY        1.88     0  13:40
  J714-IC              DUMMY        3.05     0  19:16
  J71-IC               DUMMY        6.00     0  13:42
  J722-IC              DUMMY        1.02     0  13:41
  J72-IC               DUMMY        1.49     0  13:40
  J732-IC              DUMMY        4.87     0  19:16
  J748-IC              DUMMY        6.00     0  19:21
  J749-IC              DUMMY        6.00     0  19:18
  J751-IC              DUMMY        1.79     0  13:42
  J758-IC              DUMMY        1.83     0  19:16
  J760-IC              DUMMY        1.05     0  13:45
  J761-IC              DUMMY        6.00     0  00:57
  J764-IC              DUMMY        0.99     0  19:17
  J765-IC              DUMMY        0.76     0  13:45
  J772-IC              DUMMY        4.86     0  19:25
  J782-IC              DUMMY        6.00     0  01:02
  J787-IC              DUMMY        1.95     0  19:15
  J789-IC              DUMMY        6.00     0  00:57
  J78-IC               DUMMY        1.87     0  13:40
  J792-IC              DUMMY        2.94     0  13:43
  J799-IC              DUMMY        1.74     0  00:01
  J801-IC              DUMMY        1.28     0  19:17
  J80-IC               DUMMY        1.47     0  19:15
  J88-IC               DUMMY        6.00     0  13:38
  
  
  ***************************
  Flow Classification Summary
  ***************************
  
  -------------------------------------------------------------------------------------
                      Adjusted    ---------- Fraction of Time in Flow Class ---------- 
                       /Actual         Up    Down  Sub   Sup   Up    Down  Norm  Inlet 
  Conduit               Length    Dry  Dry   Dry   Crit  Crit  Crit  Crit  Ltd   Ctrl  
  -------------------------------------------------------------------------------------
  C1                      1.00   0.01  0.00  0.00  0.46  0.52  0.00  0.00  0.02  0.00
  C10                     1.00   0.00  0.00  0.00  1.00  0.00  0.00  0.00  0.00  0.00
  C102                    1.00   0.00  0.00  0.00  0.96  0.04  0.00  0.00  0.00  0.00
  C102-S                  1.00   0.64  0.00  0.00  0.00  0.00  0.00  0.36  0.00  0.00
  C103                    1.00   0.00  0.00  0.00  0.88  0.12  0.00  0.00  0.98  0.00
  C105                    1.00   0.00  0.01  0.00  0.99  0.00  0.00  0.00  0.99  0.00
  C105-S                  1.00   0.36  0.00  0.00  0.00  0.00  0.00  0.64  0.00  0.00
  C11                     1.00   0.00  0.00  0.00  0.98  0.02  0.00  0.00  0.04  0.00
  C111                    1.00   0.01  0.00  0.00  0.01  0.98  0.00  0.00  0.99  0.00
  C111-S                  1.00   0.76  0.24  0.00  0.00  0.00  0.00  0.00  0.00  0.00
  C113                    1.00   0.01  0.00  0.00  0.56  0.43  0.00  0.00  0.98  0.00
  C113-S                  1.00   0.55  0.00  0.00  0.00  0.00  0.00  0.45  0.00  0.00
  C13                     1.00   0.01  0.00  0.00  0.03  0.96  0.00  0.00  0.05  0.00
  C131                    1.00   0.00  0.00  0.00  1.00  0.00  0.00  0.00  0.99  0.00
  C131-S                  1.00   0.88  0.00  0.00  0.00  0.00  0.00  0.12  0.00  0.00
  C132                    1.00   0.00  0.00  0.00  1.00  0.00  0.00  0.00  0.00  0.00
  C14                     1.00   0.01  0.00  0.00  0.80  0.19  0.00  0.00  0.00  0.00
  C141                    1.00   0.00  0.01  0.00  0.99  0.00  0.00  0.00  0.99  0.00
  C141-S                  1.00   0.61  0.00  0.00  0.00  0.00  0.00  0.39  0.00  0.00
  C159                    1.00   0.00  0.01  0.00  0.70  0.29  0.00  0.00  0.99  0.00
  C159-S                  1.00   0.61  0.00  0.00  0.00  0.00  0.00  0.39  0.00  0.00
  C163                    1.00   0.00  0.01  0.00  0.99  0.00  0.00  0.00  0.99  0.00
  C163-S                  1.00   0.40  0.00  0.00  0.00  0.00  0.00  0.60  0.00  0.00
  C164                    1.00   0.00  0.00  0.00  1.00  0.00  0.00  0.00  0.01  0.00
  C168                    1.00   0.00  0.01  0.00  0.99  0.00  0.00  0.00  0.99  0.00
  C168-S                  1.00   0.60  0.00  0.00  0.00  0.00  0.00  0.40  0.00  0.00
  C182                    1.00   0.00  0.00  0.00  0.99  0.01  0.00  0.00  0.94  0.00
  C182-S                  1.00   0.30  0.69  0.00  0.00  0.00  0.01  0.00  0.00  0.00
  C186                    1.00   0.00  0.00  0.00  1.00  0.00  0.00  0.00  0.96  0.00
  C187                    1.00   0.00  0.00  0.00  0.94  0.06  0.00  0.00  0.00  0.00
  C187-S                  1.00   0.89  0.00  0.00  0.00  0.00  0.00  0.11  0.00  0.00
  C190                    1.00   0.00  0.01  0.00  0.99  0.00  0.00  0.00  0.90  0.00
  C190-S                  1.00   0.41  0.59  0.00  0.00  0.00  0.00  0.00  0.00  0.00
  C191                    1.00   0.00  0.00  0.00  1.00  0.00  0.00  0.00  0.00  0.00
  C191-S                  1.00   1.00  0.00  0.00  0.00  0.00  0.00  0.00  0.00  0.00
  C2                      1.00   0.01  0.00  0.00  0.99  0.00  0.00  0.00  0.99  0.00
  C21                     1.00   0.00  0.01  0.00  0.85  0.13  0.00  0.00  0.91  0.00
  C211                    1.00   0.00  0.01  0.00  0.99  0.00  0.00  0.00  0.99  0.00
  C211-S                  1.00   0.54  0.00  0.00  0.00  0.00  0.00  0.46  0.00  0.00
  C21-S                   1.00   0.47  0.00  0.00  0.00  0.00  0.00  0.53  0.00  0.00
  C226                    1.00   0.01  0.00  0.00  0.10  0.89  0.00  0.00  0.11  0.00
  C226-S                  1.00   0.50  0.50  0.00  0.00  0.00  0.00  0.00  0.00  0.00
  C227                    1.00   0.01  0.00  0.00  0.97  0.02  0.00  0.00  0.98  0.00
  C227-S                  1.00   0.57  0.00  0.00  0.00  0.00  0.00  0.43  0.00  0.00
  C229                    1.00   0.01  0.00  0.00  0.38  0.61  0.00  0.00  0.13  0.00
  C229-S                  1.00   0.65  0.35  0.00  0.00  0.00  0.00  0.00  0.00  0.00
  C23                     1.00   0.00  0.00  0.00  0.00  1.00  0.00  0.00  1.00  0.00
  C236                    1.00   0.01  0.00  0.00  0.02  0.00  0.00  0.97  0.02  0.00
  C236-S                  1.00   0.44  0.56  0.00  0.00  0.00  0.00  0.00  0.00  0.00
  C23-S                   1.00   0.86  0.00  0.00  0.00  0.00  0.00  0.14  0.00  0.00
  C240                    1.00   0.01  0.00  0.00  0.02  0.97  0.00  0.00  0.05  0.00
  C249                    1.00   0.01  0.00  0.00  0.08  0.91  0.00  0.00  0.08  0.00
  C249-S                  1.00   0.50  0.00  0.00  0.00  0.00  0.00  0.50  0.00  0.00
  C251                    1.00   0.00  0.01  0.00  0.99  0.00  0.00  0.00  0.99  0.00
  C251-S                  1.00   0.83  0.00  0.00  0.00  0.00  0.00  0.17  0.00  0.00
  C26                     1.00   0.00  0.00  0.00  0.00  1.00  0.00  0.00  1.00  0.00
  C260                    1.00   0.01  0.00  0.00  0.98  0.00  0.00  0.00  0.99  0.00
  C260-S                  1.00   0.51  0.00  0.00  0.00  0.00  0.00  0.49  0.00  0.00
  C26-S                   1.00   0.38  0.62  0.00  0.00  0.00  0.00  0.00  0.00  0.00
  C27                     1.00   0.00  0.00  0.00  1.00  0.00  0.00  0.00  1.00  0.00
  C274                    1.00   0.01  0.00  0.00  0.51  0.48  0.00  0.00  0.93  0.00
  C274-S                  1.00   0.33  0.00  0.00  0.00  0.00  0.00  0.67  0.00  0.00
  C279                    1.00   0.01  0.00  0.00  0.10  0.89  0.00  0.00  0.26  0.00
  C279-S                  1.00   0.33  0.00  0.00  0.00  0.00  0.00  0.67  0.00  0.00
  C27-S                   1.00   1.00  0.00  0.00  0.00  0.00  0.00  0.00  0.00  0.00
  C282                    1.00   0.01  0.00  0.00  0.48  0.50  0.00  0.00  0.59  0.00
  C292                    1.00   0.01  0.00  0.00  0.55  0.44  0.00  0.00  0.99  0.00
  C292-S                  1.00   0.68  0.00  0.00  0.00  0.00  0.00  0.32  0.00  0.00
  C2-S                    1.00   0.58  0.00  0.00  0.00  0.00  0.00  0.42  0.00  0.00
  C3                      1.00   0.00  0.00  0.00  0.99  0.00  0.00  0.00  0.99  0.00
  C301                    1.00   0.00  0.00  0.00  0.80  0.19  0.00  0.00  1.00  0.00
  C301-S                  1.00   0.94  0.00  0.00  0.00  0.00  0.00  0.06  0.00  0.00
  C314                    1.00   0.01  0.00  0.00  0.60  0.39  0.00  0.00  0.19  0.00
  C314-S                  1.00   0.40  0.00  0.00  0.00  0.00  0.00  0.60  0.00  0.00
  C317                    1.00   0.01  0.00  0.00  0.00  0.99  0.00  0.00  0.00  0.00
  C317-S                  1.00   0.79  0.21  0.00  0.00  0.00  0.00  0.00  0.00  0.00
  C319                    1.00   0.01  0.00  0.00  0.99  0.00  0.00  0.00  0.99  0.00
  C319-S                  1.00   1.00  0.00  0.00  0.00  0.00  0.00  0.00  0.00  0.00
  C321                    1.00   0.01  0.00  0.00  0.79  0.20  0.00  0.00  0.98  0.00
  C321-S                  1.00   0.00  0.00  0.00  0.00  0.00  0.00  1.00  0.00  0.00
  C325                    1.00   0.01  0.00  0.00  0.87  0.12  0.00  0.00  0.01  0.00
  C325-S                  1.00   0.44  0.00  0.00  0.00  0.00  0.00  0.56  0.00  0.00
  C327                    1.00   0.01  0.00  0.00  0.68  0.30  0.00  0.00  0.97  0.00
  C327-S                  1.00   0.48  0.00  0.00  0.00  0.00  0.00  0.52  0.00  0.00
  C328                    1.00   0.01  0.00  0.00  0.99  0.00  0.00  0.00  0.97  0.00
  C328-S                  1.00   0.84  0.00  0.00  0.00  0.00  0.00  0.16  0.00  0.00
  C329                    1.00   0.00  0.01  0.00  0.96  0.03  0.00  0.00  0.96  0.00
  C334                    1.00   0.01  0.00  0.00  0.99  0.00  0.00  0.00  0.00  0.00
  C338                    1.00   0.01  0.00  0.00  0.08  0.91  0.00  0.00  0.77  0.00
  C338-S                  1.00   0.59  0.00  0.00  0.00  0.00  0.00  0.41  0.00  0.00
  C34                     1.00   0.01  0.00  0.00  0.18  0.81  0.00  0.00  0.99  0.00
  C340                    1.00   0.01  0.00  0.00  0.80  0.19  0.00  0.00  0.98  0.00
  C340-S                  1.00   0.61  0.00  0.00  0.00  0.00  0.00  0.39  0.00  0.00
  C34-S                   1.00   0.51  0.00  0.00  0.00  0.00  0.00  0.49  0.00  0.00
  C351                    1.00   0.01  0.00  0.00  0.10  0.89  0.00  0.00  0.09  0.00
  C351-S                  1.00   0.50  0.00  0.00  0.00  0.00  0.00  0.50  0.00  0.00
  C355                    1.00   0.00  0.00  0.00  1.00  0.00  0.00  0.00  0.00  0.00
  C355-S                  1.00   0.87  0.13  0.00  0.00  0.00  0.00  0.00  0.00  0.00
  C361                    1.00   0.00  0.00  0.00  1.00  0.00  0.00  0.00  1.00  0.00
  C361-S                  1.00   0.41  0.00  0.00  0.00  0.00  0.00  0.59  0.00  0.00
  C362                    1.00   0.00  0.00  0.00  1.00  0.00  0.00  0.00  0.00  0.00
  C362-S                  1.00   0.69  0.00  0.00  0.00  0.00  0.00  0.31  0.00  0.00
  C368                    1.00   0.01  0.00  0.00  0.98  0.01  0.00  0.00  0.00  0.00
  C37                     1.00   0.01  0.00  0.00  0.98  0.00  0.00  0.00  0.99  0.00
  C37-S                   1.00   0.54  0.00  0.00  0.00  0.00  0.00  0.46  0.00  0.00
  C382                    1.00   0.00  0.01  0.00  0.98  0.01  0.00  0.00  0.98  0.00
  C382-S                  1.00   0.58  0.00  0.00  0.00  0.00  0.00  0.42  0.00  0.00
  C397                    1.00   0.01  0.00  0.00  0.00  0.99  0.00  0.00  0.15  0.00
  C3-S                    1.00   0.24  0.00  0.00  0.00  0.00  0.00  0.76  0.00  0.00
  C4                      1.00   0.03  0.01  0.00  0.78  0.18  0.00  0.00  0.91  0.00
  C417                    1.00   0.01  0.00  0.00  0.99  0.00  0.00  0.00  0.94  0.00
  C417-S                  1.00   0.37  0.61  0.00  0.00  0.00  0.02  0.00  0.00  0.00
  C418                    1.00   0.01  0.00  0.00  0.87  0.12  0.00  0.00  0.00  0.00
  C418-S                  1.00   0.98  0.00  0.00  0.00  0.00  0.00  0.02  0.00  0.00
  C422                    1.00   0.01  0.07  0.00  0.17  0.75  0.00  0.00  0.69  0.00
  C422-S                  1.00   0.55  0.00  0.00  0.00  0.00  0.00  0.45  0.00  0.00
  C449                    1.00   0.00  0.01  0.00  0.99  0.00  0.00  0.00  0.99  0.00
  C449-S                  1.00   0.30  0.00  0.00  0.00  0.00  0.00  0.70  0.00  0.00
  C462                    1.00   0.00  0.00  0.00  0.00  1.00  0.00  0.00  0.00  0.00
  C462-S                  1.00   0.96  0.03  0.00  0.00  0.00  0.02  0.00  0.00  0.00
  C463                    1.00   0.00  0.00  0.00  1.00  0.00  0.00  0.00  0.00  0.00
  C463-S                  1.00   0.36  0.62  0.00  0.00  0.00  0.03  0.00  0.00  0.00
  C473                    1.00   0.01  0.00  0.00  0.69  0.30  0.00  0.00  0.15  0.00
  C473-S                  1.00   0.44  0.00  0.00  0.00  0.00  0.00  0.56  0.00  0.00
  C474                    1.00   0.01  0.00  0.00  0.00  0.99  0.00  0.00  0.02  0.00
  C474-S                  1.00   0.80  0.00  0.00  0.00  0.00  0.00  0.20  0.00  0.00
  C476                    1.00   0.01  0.00  0.00  0.00  0.99  0.00  0.00  0.08  0.00
  C478                    1.00   0.01  0.00  0.00  0.11  0.87  0.00  0.00  0.12  0.00
  C478-S                  1.00   0.55  0.00  0.00  0.00  0.00  0.00  0.45  0.00  0.00
  C5                      1.00   0.00  0.00  0.00  1.00  0.00  0.00  0.00  0.01  0.00
  C509-S                  1.00   0.60  0.40  0.00  0.00  0.00  0.00  0.00  0.00  0.00
  C530                    1.00   0.01  0.00  0.00  0.81  0.17  0.00  0.00  0.00  0.00
  C530-S                  1.00   0.37  0.00  0.00  0.00  0.00  0.00  0.63  0.00  0.00
  C532                    1.00   0.01  0.00  0.00  0.90  0.08  0.00  0.00  0.99  0.00
  C532-S                  1.00   1.00  0.00  0.00  0.00  0.00  0.00  0.00  0.00  0.00
  C548                    1.00   0.01  0.00  0.00  0.98  0.01  0.00  0.00  0.97  0.00
  C548-S                  1.00   0.87  0.00  0.00  0.00  0.00  0.00  0.13  0.00  0.00
  C549                    1.00   0.01  0.00  0.00  0.99  0.00  0.00  0.00  0.89  0.00
  C549-S                  1.00   0.93  0.00  0.00  0.00  0.00  0.00  0.07  0.00  0.00
  C550                    1.00   0.01  0.00  0.00  0.00  0.99  0.00  0.00  0.45  0.00
  C550-S                  1.00   0.45  0.00  0.00  0.00  0.00  0.00  0.55  0.00  0.00
  C551                    1.00   0.01  0.00  0.00  0.98  0.01  0.00  0.00  0.99  0.00
  C551-S                  1.00   0.78  0.00  0.00  0.00  0.00  0.00  0.22  0.00  0.00
  C556                    1.00   0.01  0.00  0.00  0.22  0.77  0.00  0.00  0.97  0.00
  C556-S                  1.00   0.72  0.00  0.00  0.00  0.00  0.00  0.28  0.00  0.00
  C576                    1.00   0.01  0.00  0.00  0.00  0.99  0.00  0.00  0.00  0.00
  C576-S                  1.00   0.87  0.00  0.00  0.00  0.00  0.00  0.13  0.00  0.00
  C602                    1.00   0.01  0.00  0.00  0.99  0.00  0.00  0.00  0.99  0.00
  C602-S                  1.00   0.36  0.00  0.00  0.00  0.00  0.00  0.64  0.00  0.00
  C610                    1.00   0.01  0.00  0.00  0.00  0.99  0.00  0.00  0.03  0.00
  C638                    1.00   0.00  0.01  0.00  0.99  0.00  0.00  0.00  0.99  0.00
  C638-S                  1.00   0.59  0.41  0.00  0.00  0.00  0.00  0.00  0.00  0.00
  C65                     1.00   0.00  0.00  0.00  0.00  1.00  0.00  0.00  1.00  0.00
  C650                    1.00   0.01  0.00  0.00  0.86  0.13  0.00  0.00  0.18  0.00
  C650-S                  1.00   0.13  0.84  0.00  0.00  0.00  0.03  0.00  0.00  0.00
  C659                    1.00   0.01  0.00  0.00  0.99  0.00  0.00  0.00  0.95  0.00
  C659-S                  1.00   0.47  0.52  0.00  0.00  0.00  0.01  0.00  0.00  0.00
  C65-S                   1.00   0.49  0.00  0.00  0.00  0.00  0.00  0.51  0.00  0.00
  C677                    1.00   0.01  0.00  0.00  0.99  0.00  0.00  0.00  0.99  0.00
  C677-S                  1.00   0.46  0.00  0.00  0.00  0.00  0.00  0.54  0.00  0.00
  C68                     1.00   0.00  0.00  0.00  0.00  1.00  0.00  0.00  0.00  0.00
  C681                    1.00   0.00  0.01  0.00  0.96  0.03  0.00  0.00  0.99  0.00
  C681-S                  1.00   0.85  0.00  0.00  0.00  0.00  0.00  0.15  0.00  0.00
  C685                    1.00   0.00  0.00  0.00  0.99  0.01  0.00  0.00  0.00  0.00
  C685-S                  1.00   0.86  0.00  0.00  0.00  0.00  0.00  0.14  0.00  0.00
  C686                    1.00   0.00  0.00  0.00  1.00  0.00  0.00  0.00  0.09  0.00
  C687                    1.00   0.00  0.01  0.00  0.08  0.91  0.00  0.00  0.10  0.00
  C687-S                  1.00   0.56  0.00  0.00  0.00  0.00  0.00  0.44  0.00  0.00
  C68-S                   1.00   0.84  0.16  0.00  0.00  0.00  0.00  0.00  0.00  0.00
  C69                     1.00   0.00  0.00  0.00  0.00  1.00  0.00  0.00  0.01  0.00
  C69-S                   1.00   0.81  0.00  0.00  0.00  0.00  0.00  0.19  0.00  0.00
  C6-S                    1.00   0.55  0.00  0.00  0.00  0.00  0.00  0.45  0.00  0.00
  C707                    1.00   0.00  0.00  0.00  1.00  0.00  0.00  0.00  0.05  0.00
  C708                    1.00   0.00  0.01  0.00  0.99  0.00  0.00  0.00  0.99  0.00
  C708-S                  1.00   0.47  0.00  0.00  0.00  0.00  0.00  0.53  0.00  0.00
  C713                    1.00   0.07  0.00  0.00  0.78  0.15  0.00  0.00  0.93  0.00
  C719                    1.00   0.01  0.00  0.00  0.99  0.00  0.00  0.00  0.00  0.00
  C725                    1.00   0.01  0.00  0.00  0.97  0.02  0.00  0.00  0.98  0.00
  C725-S                  1.00   0.86  0.00  0.00  0.00  0.00  0.00  0.14  0.00  0.00
  C728                    1.00   0.01  0.00  0.00  0.08  0.91  0.00  0.00  0.26  0.00
  C728-S                  1.00   0.57  0.00  0.00  0.00  0.00  0.00  0.43  0.00  0.00
  C729                    1.00   0.01  0.00  0.00  0.28  0.71  0.00  0.00  0.99  0.00
  C729-S                  1.00   0.45  0.00  0.00  0.00  0.00  0.00  0.55  0.00  0.00
  C732                    1.00   0.00  0.01  0.00  0.88  0.11  0.00  0.00  0.92  0.00
  C734                    1.00   0.01  0.00  0.00  0.99  0.00  0.00  0.00  0.93  0.00
  C734-S                  1.00   0.69  0.00  0.00  0.00  0.00  0.00  0.31  0.00  0.00
  C737                    1.00   0.01  0.00  0.00  0.00  0.99  0.00  0.00  0.05  0.00
  C74                     1.00   0.00  0.00  0.00  0.00  1.00  0.00  0.00  0.99  0.00
  C740                    1.00   0.01  0.00  0.00  0.00  0.00  0.00  0.99  0.00  0.00
  C740-S                  1.00   0.50  0.00  0.00  0.00  0.00  0.00  0.50  0.00  0.00
  C742                    1.00   0.01  0.00  0.00  0.00  0.00  0.00  0.99  0.00  0.00
  C742-S                  1.00   0.89  0.11  0.00  0.00  0.00  0.00  0.00  0.00  0.00
  C744                    1.00   0.01  0.00  0.00  0.00  0.00  0.00  0.99  0.00  0.00
  C744-S                  1.00   0.56  0.00  0.00  0.00  0.00  0.00  0.44  0.00  0.00
  C74-S                   1.00   0.00  0.00  0.00  0.00  0.00  0.00  1.00  0.00  0.00
  C752                    1.00   0.00  0.00  0.00  1.00  0.00  0.00  0.00  0.12  0.00
  C752-S                  1.00   0.39  0.00  0.00  0.00  0.00  0.00  0.61  0.00  0.00
  C753                    1.00   0.00  0.00  0.00  0.97  0.03  0.00  0.00  1.00  0.00
  C756                    1.00   0.00  0.00  0.00  0.78  0.21  0.00  0.00  0.41  0.00
  C756-S                  1.00   0.50  0.00  0.00  0.00  0.00  0.00  0.50  0.00  0.00
  C758                    1.00   0.01  0.00  0.00  0.67  0.32  0.00  0.00  0.99  0.00
  C758-S                  1.00   0.95  0.00  0.00  0.00  0.00  0.00  0.05  0.00  0.00
  C759                    1.00   0.01  0.51  0.00  0.48  0.00  0.00  0.00  0.98  0.00
  C759-S                  1.00   0.93  0.00  0.00  0.00  0.00  0.00  0.07  0.00  0.00
  C760                    1.00   0.01  0.00  0.00  0.00  0.99  0.00  0.00  0.44  0.00
  C761                    1.00   0.01  0.00  0.00  0.00  0.00  0.00  0.99  0.00  0.00
  C761-S                  1.00   0.54  0.00  0.00  0.00  0.00  0.00  0.46  0.00  0.00
  C771                    1.00   0.01  0.00  0.00  0.41  0.58  0.00  0.00  0.84  0.00
  C771-S                  1.00   0.49  0.00  0.00  0.00  0.00  0.00  0.51  0.00  0.00
  C772                    1.00   0.01  0.00  0.00  0.02  0.97  0.00  0.00  0.04  0.00
  C772-S                  1.00   0.81  0.00  0.00  0.00  0.00  0.00  0.19  0.00  0.00
  C773                    1.00   0.00  0.00  0.00  1.00  0.00  0.00  0.00  0.96  0.00
  C779                    1.00   0.01  0.00  0.00  0.99  0.00  0.00  0.00  0.97  0.00
  C779-S                  1.00   0.67  0.00  0.00  0.00  0.00  0.00  0.33  0.00  0.00
  C783                    1.00   0.01  0.00  0.00  0.87  0.12  0.00  0.00  0.92  0.00
  C79                     1.00   0.00  0.00  0.00  0.00  1.00  0.00  0.00  0.97  0.00
  C797                    1.00   0.01  0.00  0.00  0.99  0.00  0.00  0.00  0.98  0.00
  C797-S                  1.00   0.52  0.00  0.00  0.00  0.00  0.00  0.48  0.00  0.00
  C79-S                   1.00   0.43  0.57  0.00  0.00  0.00  0.00  0.00  0.00  0.00
  C7-S                    1.00   0.57  0.00  0.00  0.00  0.00  0.00  0.43  0.00  0.00
  C8                      1.00   0.01  0.00  0.00  0.99  0.00  0.00  0.00  0.00  0.00
  C800                    1.00   0.70  0.00  0.00  0.00  0.00  0.00  0.30  0.00  0.00
  C816                    1.00   0.01  0.00  0.00  0.76  0.22  0.00  0.00  0.99  0.00
  C816-S                  1.00   0.52  0.00  0.00  0.00  0.00  0.00  0.48  0.00  0.00
  C830                    1.00   0.01  0.00  0.00  0.00  0.98  0.00  0.00  0.00  0.00
  C830-S                  1.00   0.66  0.00  0.00  0.00  0.00  0.00  0.34  0.00  0.00
  C834                    1.00   0.00  0.00  0.00  1.00  0.00  0.00  0.00  0.00  0.00
  C839                    1.00   0.01  0.00  0.00  0.23  0.76  0.00  0.00  0.99  0.00
  C839-S                  1.00   0.64  0.36  0.00  0.00  0.00  0.00  0.00  0.00  0.00
  C84                     1.00   0.00  0.69  0.00  0.31  0.00  0.00  0.00  0.96  0.00
  C84-S                   1.00   0.97  0.03  0.00  0.00  0.00  0.00  0.00  0.00  0.00
  C86                     1.00   0.00  0.00  0.00  0.01  0.99  0.00  0.00  0.02  0.00
  C89                     1.00   0.00  0.00  0.00  0.01  0.99  0.00  0.00  0.00  0.00
  C89-S                   1.00   0.48  0.00  0.00  0.00  0.00  0.00  0.52  0.00  0.00
  C9                      1.00   0.00  0.00  0.00  0.26  0.74  0.00  0.00  0.00  0.00
  C94                     1.00   0.00  0.00  0.00  0.97  0.03  0.00  0.00  0.98  0.00
  
  
  *************************
  Conduit Surcharge Summary
  *************************
  
  ----------------------------------------------------------------------------
                                                           Hours        Hours 
                         --------- Hours Full --------   Above Full   Capacity
  Conduit                Both Ends  Upstream  Dnstream   Normal Flow   Limited
  ----------------------------------------------------------------------------
  C102                        0.01      0.41      0.01      0.74         0.01
  C105                        0.01      0.01      1.31      0.01         0.01
  C113                        0.01      0.01      0.43      0.01         0.01
  C164                        0.01      0.01      0.01      0.60         0.01
  C182                        0.01      0.01      0.81      0.01         0.01
  C187                        0.01      0.01      0.01      1.58         0.01
  C190                        0.43      0.43      0.50      0.01         0.01
  C191                        0.41      0.41      0.55      1.49         0.01
  C211                        0.01      0.01      2.20      0.01         0.01
  C229                        0.01      0.01      0.95      0.01         0.01
  C236                        0.01      0.01      0.49      0.01         0.01
  C240                        0.73      1.11      0.73      1.14         1.10
  C260                        0.01      0.01      1.08      0.01         0.01
  C27                         0.01      0.01      0.25      0.01         0.01
  C321                        0.01      0.01      0.14      0.01         0.01
  C325                        0.19      0.19      0.35      0.06         0.01
  C327                        0.35      0.35      0.58      0.01         0.01
  C328                        0.18      0.18      0.52      0.01         0.01
  C329                        0.01      0.52      0.01      0.73         0.14
  C34                         0.01      0.01      1.03      0.01         0.01
  C340                        0.01      0.01      0.55      0.01         0.01
  C361                        0.01      0.01      0.34      0.01         0.01
  C382                        0.01      0.01      0.25      0.01         0.01
  C417                        1.80      1.80      2.29      0.01         0.01
  C417-S                      0.01      0.01      0.41      0.01         0.01
  C418                        0.01      1.96      0.01      2.21         1.67
  C463                        0.01      0.01      0.25      0.41         0.01
  C463-S                      0.01      0.01     45.30      0.01         0.01
  C509-S                      0.01      0.01      5.21      0.01         0.01
  C548                        0.12      0.12      0.81      0.01         0.01
  C551                        0.01      0.01      5.28      0.01         0.01
  C556                        0.01      0.01      0.12      0.01         0.01
  C576                        0.01      0.01      0.01      0.07         0.01
  C602                        0.01      0.01      0.30      0.01         0.01
  C659                        0.01      0.01      0.45      0.01         0.01
  C677                        0.01      0.01      0.34      0.01         0.01
  C681                        0.01      0.01      0.23      0.01         0.01
  C686                        0.65      0.65     59.00      0.36         0.35
  C687                        0.04      0.04      0.65      0.01         0.01
  C707                        0.01      0.01     59.00      0.01         0.01
  C719                        0.01      1.29      0.01      1.79         0.69
  C734                        0.01      0.01      0.23      0.01         0.01
  C752                        0.01      0.01      0.49      0.01         0.01
  C756                        0.01      0.01      0.49      0.01         0.01
  C771                        0.39      0.39      0.52      0.01         0.01
  C772                        0.52      0.52      0.93      0.50         0.45
  C773                        0.01      0.38      0.01      0.58         0.08
  C779                        0.50      0.50      1.55      0.01         0.01
  C8                          0.01      0.45      0.01      1.29         0.10
  C816                        0.01      0.01      0.40      0.01         0.01
  C830                        0.01      0.34      0.01      0.25         0.01
  C84                         0.04      0.04      0.50      0.01         0.01
  

  Analysis begun on:  Tue Jul  7 20:57:42 2026
  Analysis ended on:  Tue Jul  7 20:59:07 2026
  Total elapsed time: 00:01:25
